type,name,module,path,hash
"yaml","manifest","_config","_config/manifest.yaml","d4a7881d9ea0f7c9bf1fdf6e4c33a111c2388fda810cd11aa6b99e7bdda8c7f2"
"csv","module-help","bmad-loop","bmad-loop/bmad-loop-setup/assets/module-help.csv","7052d30125407ba930b15eefb12d05a55f6768b0a31ee14863844a685ee4c61a"
"csv","module-help","bmad-loop","bmad-loop/module-help.csv","7052d30125407ba930b15eefb12d05a55f6768b0a31ee14863844a685ee4c61a"
"md","automation-mode","bmad-loop","bmad-loop/bmad-loop-sweep/automation-mode.md","5cbd6533d7bfe9d61f784f393228cfea147d7ec6a93389f0998d3a4898561716"
"md","deferred-work-format","bmad-loop","bmad-loop/bmad-loop-sweep/deferred-work-format.md","57e0de1264698b49d050acc5e4d62d33e8530566dbe6932fab43bb75dd878b7f"
"md","migration-mode","bmad-loop","bmad-loop/bmad-loop-sweep/migration-mode.md","0210d173a879e727b629ab7daef464816ccde243f10e5d76177406915b0c0334"
"md","SKILL","bmad-loop","bmad-loop/bmad-loop-setup/SKILL.md","34b4dee7bd3c939158f048952dbe0559722c3562872708550db394d68dd35856"
"md","SKILL","bmad-loop","bmad-loop/bmad-loop-resolve/SKILL.md","70c255ffcea7b17b56ff6282356452ae5009f3f0fa20b9137146d5bd1e4145cd"
"md","SKILL","bmad-loop","bmad-loop/bmad-loop-sweep/SKILL.md","26dee286d59b1bfc6f9b21fd85618777b31f0b16b6e41e47f78d2f8d6479c380"
"yaml","config","bmad-loop","bmad-loop/config.yaml","a0c60c7d5e951840acdf14846dd72826e6d947c5e9c623e5b2fd920c79bededf"
"yaml","module","bmad-loop","bmad-loop/bmad-loop-setup/assets/module.yaml","aef5d12d8f0469584988819b9719cb235d95dc1517423b0abf87ca858f3c2255"
"csv","module-help","bmm","bmm/module-help.csv","bc479c153e642918a94863889ef3a6e50b9eab4c713fccc67e7fc6a2acda7500"
"html","validation-report-template","bmm","bmm/plan/bmad-prd/assets/validation-report-template.html","a80becdd8205d2d7c18738855830b096172a496b96b5ca8a0820ec55c9bb8bf9"
"html","validation-report-template","bmm","bmm/plan/bmad-ux/assets/validation-report-template.html","8656945636fabe96624f8ef8fce931b073b5aecbe42d490584c1d5c7f31e1353"
"json","bmad-manifest","bmm","bmm/plan/bmad-prfaq/bmad-manifest.json","9d91d2ae277b87bdfb8785df6a660788743c5cdf98cbd9fcf88c29f957324709"
"json","cases","bmm","bmm/plan/bmad-project-context/evals/cases.json","cc7c0bbe4eae668c428d7fb5bfc5ae4a9b0938529cedde7adf6c5f18d3880d60"
"json","package","bmm","bmm/plan/bmad-project-context/evals/files/fixture-brownfield/package.json","8991362009f5ee47f66992e386cb4ad44c637aa2c5317f98147c2085739bf817"
"json","package","bmm","bmm/plan/bmad-project-context/evals/files/fixture-monorepo/apps/web/package.json","6872aae62087e6051e288f283414ddd1ee96cb6a5596bd10abde5fca6e375a51"
"json","package","bmm","bmm/plan/bmad-project-context/evals/files/fixture-monorepo/package.json","e789368c7c73cd4b9efd00dd4c079528c4cc4859ea2de41bde61ffa9e73d1957"
"json","package","bmm","bmm/plan/bmad-project-context/evals/files/fixture-monorepo/services/billing/package.json","7e3c9c5d949ad6a55e9333949b194f64c705e5c9f451b48ea7d6817ddc256470"
"json","package","bmm","bmm/plan/bmad-project-context/evals/files/fixture-refresh/package.json","8991362009f5ee47f66992e386cb4ad44c637aa2c5317f98147c2085739bf817"
"json","package","bmm","bmm/plan/bmad-project-context/evals/files/fixture-standalone/package.json","8991362009f5ee47f66992e386cb4ad44c637aa2c5317f98147c2085739bf817"
"json","triggers","bmm","bmm/plan/bmad-project-context/evals/triggers.json","435d5bcf53de066043ac30f3f598d605ab8cd982e543d5a3768668e8bfe96f1e"
"md",".memlog","bmm","bmm/plan/bmad-project-context/evals/files/fixture-refresh/context/.memlog.md","42ea15bb1b1e8afdc868ae64b43e1f11f3d40536f6fe8a6cd775c0ef50d4e7ac"
"md","acceptance-verdict","bmm","bmm/ship/bmad-retrospective/references/acceptance-verdict.md","09a65007c39af83e01e039331c252e6e670b134cd5e2a4b5e05ac9d9fb7e37f1"
"md","AGENTS","bmm","bmm/plan/bmad-project-context/evals/files/fixture-brownfield/AGENTS.md","01d6737f57c2a58ee58eae69e57cbea2b99ebcfbaeaf4049eabf2eb83c923224"
"md","aggregate-views","bmm","bmm/ship/bmad-retrospective/references/aggregate-views.md","5b278afce4a53692d8715b4af178e4233da0876921dc3154b5763d056cb5ff0b"
"md","artifact-analyzer","bmm","bmm/plan/bmad-prfaq/agents/artifact-analyzer.md","7bdc44830f8d593346ec0ee15e36e1e431432fcc6c38b70bb861999315c9cfa4"
"md","brief-template","bmm","bmm/plan/bmad-product-brief/assets/brief-template.md","bb28edf75d023067551c8d417b19b8803324e7acfb2ad0c80f882e9134f4c1f1"
"md","bundle-contract","bmm","bmm/plan/bmad-project-context/references/bundle-contract.md","2c722489ce3106930153060ef32d21f1c9c7b9796cf79c1943eec108481ed4e5"
"md","checklist","bmm","bmm/ship/bmad-correct-course/checklist.md","3e082b95def90ccb876e3101ce0bbaf797a0f03a9471e1347361897f27977327"
"md","checklist","bmm","bmm/ship/bmad-qa-generate-e2e-tests/checklist.md","b58f810aeb1040c2f6758c88aa133afce72f8cc178d3d97ff0fbaa3d943057dc"
"md","checklist","bmm","bmm/v6-shims/bmad-create-story/checklist.md","b94e28e774c3be0288f04ea163424bece4ddead5cd3f3680d1603ed07383323a"
"md","checklist","bmm","bmm/v6-shims/bmad-dev-story/checklist.md","630b68c6824a8785003a65553c1f335222b17be93b1bd80524c23b38bde1d8af"
"md","color-themes","bmm","bmm/plan/bmad-ux/assets/color-themes.md","48fac7943e8584ccf7dd1bcdfdfd4513366a086a3a84965b6b302ccf6607c171"
"md","compile-epic-context","bmm","bmm/ship/bmad-build/compile-epic-context.md","6793b15ae85766cee529e6b349e45f2c6ec9e3212019611c29e8c77b4dc4b924"
"md","compile-epic-context","bmm","bmm/ship/bmad-build-auto/compile-epic-context.md","64d13b41974cfa0dfc1de64b6fbd8365e9b99f91c7c98f0ee1a9fbd018f324ca"
"md","conventions","bmm","bmm/plan/bmad-project-context/evals/files/fixture-monorepo/apps/web/src/conventions.md","5c99759ce328f71641af0193bee39ee894f694c40ea003656fc765a848879957"
"md","creative-tools","bmm","bmm/plan/bmad-ux/references/creative-tools.md","349b6b5e8353c2fa1efe7caa49cca50577900f55f32005ccd6f7b43e4daec558"
"md","customer-faq","bmm","bmm/plan/bmad-prfaq/references/customer-faq.md","96f8565197649c58908a1d61b6cd805fd01f57da7945ba889c18d087ad597aeb"
"md","decisions","bmm","bmm/plan/bmad-project-context/evals/files/fixture-brownfield/planning/decisions.md","82740012c2d9915c32f079f5e7d210bce7f7a764d509d8cca41122dac69f50ec"
"md","decisions","bmm","bmm/plan/bmad-project-context/evals/files/fixture-refresh/planning/decisions.md","82740012c2d9915c32f079f5e7d210bce7f7a764d509d8cca41122dac69f50ec"
"md","decisions","bmm","bmm/plan/bmad-project-context/evals/files/fixture-standalone/planning/decisions.md","82740012c2d9915c32f079f5e7d210bce7f7a764d509d8cca41122dac69f50ec"
"md","deletion-check","bmm","bmm/ship/bmad-build/references/deletion-check.md","0f1f124e4e957147e89164a272b10bedc694ad0d9ad2618c8610ac74ee9cb0da"
"md","deletion-check","bmm","bmm/ship/bmad-build-auto/references/deletion-check.md","0f1f124e4e957147e89164a272b10bedc694ad0d9ad2618c8610ac74ee9cb0da"
"md","deletion-check","bmm","bmm/ship/bmad-code-review/references/deletion-check.md","0f1f124e4e957147e89164a272b10bedc694ad0d9ad2618c8610ac74ee9cb0da"
"md","design-directions","bmm","bmm/plan/bmad-ux/assets/design-directions.md","eab73b948da76a27abc908e1e7d6b124e8ff0362e6dd1990f7e60b9541cbcb98"
"md","design-example-editorial","bmm","bmm/plan/bmad-ux/assets/design-example-editorial.md","a659166845b1a4ed3f9aef942c5935537a97382b10303684fbb78ed86265870e"
"md","design-example-mobile","bmm","bmm/plan/bmad-ux/assets/design-example-mobile.md","a93fb9f114f2e83af0c961c0d7909b3859fc80bcd713715517cd639a53a0372a"
"md","design-example-shadcn","bmm","bmm/plan/bmad-ux/assets/design-example-shadcn.md","25e0dfb2bb21483973a8f0a6ed650288b3dc2ae5ed02aa0f091bb9b6b0b39fc0"
"md","design-md-spec","bmm","bmm/plan/bmad-ux/references/design-md-spec.md","d04d5f663607aba3f3181e818ae33856e6caf5e560dcb16fa64ed80b7cf3d590"
"md","discover-inputs","bmm","bmm/v6-shims/bmad-create-story/discover-inputs.md","dfedba6a8ea05c9a91c6d202c4b29ee3ea793d8ef77575034787ae0fef280507"
"md","edge-case-hunter","bmm","bmm/ship/bmad-build/review-prompts/edge-case-hunter.md","4ccb3599ed1b8cc54876b304dc567d1b4e3e0ec5c1add34df9a2445224ac77af"
"md","edge-case-hunter","bmm","bmm/ship/bmad-build-auto/review-prompts/edge-case-hunter.md","4ccb3599ed1b8cc54876b304dc567d1b4e3e0ec5c1add34df9a2445224ac77af"
"md","edge-case-hunter","bmm","bmm/ship/bmad-code-review/review-prompts/edge-case-hunter.md","4ccb3599ed1b8cc54876b304dc567d1b4e3e0ec5c1add34df9a2445224ac77af"
"md","epics-template","bmm","bmm/plan/bmad-create-epics-and-stories/templates/epics-template.md","a804f740155156d89661fa04e7a4264a8f712c4dc227c44fd8ae804a9b0f6b72"
"md","evidence-gathering","bmm","bmm/ship/bmad-retrospective/references/evidence-gathering.md","575bace78d7c03c48d86a209dd664f7dd22295a222b75e6d6298894cb7b7ce00"
"md","excalidraw-wireframe","bmm","bmm/plan/bmad-ux/assets/excalidraw-wireframe.md","660bbcdebff50cd044a3752eda43f3cb303aca4b0f521b55a270da93b89ddb18"
"md","experience-example-mobile","bmm","bmm/plan/bmad-ux/assets/experience-example-mobile.md","f8cd54c92193cd8c34a472df9c212ac7330976f6a115b729721dcb60034dc4f0"
"md","experience-example-shadcn","bmm","bmm/plan/bmad-ux/assets/experience-example-shadcn.md","d6ca16e87b768e8b41f352c02ee08af21d7cdac04ca21e6ae1556864b4d27590"
"md","fix-sprint-status","bmm","bmm/plan/bmad-sprint-planning/references/fix-sprint-status.md","0406c31b70da33e2a354d9785f43d8f9918f4b923d0aac2ebd1e3707ebad5806"
"md","generate-tracking","bmm","bmm/plan/bmad-sprint-planning/references/generate-tracking.md","4dbf7aca26d0e6e893f288fc5e6158dbbcd65f77bbaf95e941ca705abceb1741"
"md","generate-trail","bmm","bmm/ship/bmad-checkpoint-preview/generate-trail.md","4a5936d86fbe5a85285b4535097b1e2edda8849da35586f4b588a982d7224459"
"md","headless","bmm","bmm/plan/bmad-architecture/references/headless.md","4db2708f335c94cb024b5eba022b1e3d88b1ec61c94c4716626d9b89684f5833"
"md","headless","bmm","bmm/plan/bmad-prd/references/headless.md","4dad58ebee63933a53179016513ff94d143ce9f68e226489d390e2c36bf1d848"
"md","headless","bmm","bmm/plan/bmad-ux/references/headless.md","8da7e23d269b1644f45b5104a243a6a27fd8d075aebb95d9b7752f0d143f0f5d"
"md","headless-schemas","bmm","bmm/plan/bmad-prd/assets/headless-schemas.md","8d3621333a72400512bd62511bc4c73fc745711505e1f852c697ff8c5fa2de93"
"md","headless-schemas","bmm","bmm/plan/bmad-spec/assets/headless-schemas.md","83afb3614716db2347d83586a67b9c524492dd50db5282436ccb35c99fb5f08a"
"md","headless-schemas","bmm","bmm/plan/bmad-ux/assets/headless-schemas.md","e3a773dde85286f1a6f6dd8b26fc17e09ccea96f6257dfe7fb436353cd79242d"
"md","index","bmm","bmm/plan/bmad-project-context/evals/files/fixture-refresh/context/index.md","b5ba4a8fb2399ec4dd181ee157aca5f2a8467c54e1e2e354dd7648caeeb5bef3"
"md","integer-cents","bmm","bmm/plan/bmad-project-context/evals/files/fixture-refresh/context/integer-cents.md","e2bcda0c187888b67ef942f628b716b2c021c22723b3d28b82f05181e3d74843"
"md","internal-faq","bmm","bmm/plan/bmad-prfaq/references/internal-faq.md","26eb83f844cda1ed8efb50f4703d61713ada8a64bd27eb387f759f858b5748de"
"md","interrogation-guide","bmm","bmm/plan/bmad-project-context/references/interrogation-guide.md","1eb7672566d1bb9c0ca18c49b5868c4e7e368cfdc970bf64012a816b52024fd1"
"md","kernel","bmm","bmm/plan/bmad-project-context/evals/files/fixture-refresh/context/kernel.md","1ce72b98aa19ddaa460151fd34094550ac9a2f9b313148df5ef8b1cfe030eb0d"
"md","kernel-contract","bmm","bmm/plan/bmad-project-context/references/kernel-contract.md","b4fcb38cd6347c982b03acc99ea7436e6c6955d83e4a0fc0d8ba368a8ef3b232"
"md","key-screens","bmm","bmm/plan/bmad-ux/assets/key-screens.md","ff1c5060673dd595edd61e76806bae876264ec6895c2eaadf8a6190785bf5f7b"
"md","placement","bmm","bmm/plan/bmad-project-context/references/placement.md","4daa118604bb32d6d3fc63a9e87bdb002851a812dc0a36332543645384e82913"
"md","prd-template","bmm","bmm/plan/bmad-prd/assets/prd-template.md","b6fe8fc1390b8e46961d5eb5e6f2fe6c65dca2f30623d492677672e02868f7ab"
"md","prd-validation-checklist","bmm","bmm/plan/bmad-prd/assets/prd-validation-checklist.md","41d9f09064772a92ec908d970618e47ba63dc86b5c5a1a21d5a2c676d3ba8e3f"
"md","press-release","bmm","bmm/plan/bmad-prfaq/references/press-release.md","c406adb0e2d2cc326cbc45d0174f89d014523448ad82bc272293999d22aec596"
"md","prfaq-template","bmm","bmm/plan/bmad-prfaq/assets/prfaq-template.md","b27e6964f0437ab4e78c8c0ffbe5052c28e3b3ef2fc811726cbb394d5a5c7559"
"md","readiness-gate","bmm","bmm/plan/bmad-sprint-planning/references/readiness-gate.md","7d58ea61fafe3c1d8218203abc7512e322ca384c78d9e71829df55dfabe1245b"
"md","README","bmm","bmm/plan/bmad-project-context/evals/files/fixture-brownfield/legacy/README.md","70eb38ebbfb4ba99a393667f0b9a0e492376f9528c4ab43e7dacf38a314b8f4b"
"md","README","bmm","bmm/plan/bmad-project-context/evals/files/fixture-monorepo/README.md","0d7b77ec846b16b464c3db23018caff6dd5f85f4f38eb2f710c354494a4174e4"
"md","README","bmm","bmm/v6-shims/README.md","05315a8e369f5ebb9e615c1a33fd2b3f85eb92a9455c974cdc7ec7d3ea0d10bf"
"md","repository-pattern","bmm","bmm/plan/bmad-project-context/evals/files/fixture-refresh/context/repository-pattern.md","9d0fc27662b12777eeace42d92aae7cab7a52585fa89578156d53c989a2d418d"
"md","retro-document","bmm","bmm/ship/bmad-retrospective/references/retro-document.md","de8164664cd2be7f73b8ba5552e9e0f58816d2a7c4be8efc7715461846bb7001"
"md","reviewer-gate","bmm","bmm/plan/bmad-architecture/references/reviewer-gate.md","d32e32a3c1d59b5612b947004f3f6fef1117a13ce9f1ffa428d616e0b5d4db69"
"md","SKILL","bmm","bmm/agents/bmad-agent-analyst/SKILL.md","fca38a404e79508ebc39235d0162bcb475b02407a913e3e5bd8c5526b2b261a6"
"md","SKILL","bmm","bmm/agents/bmad-agent-architect/SKILL.md","82bbf22ff3a4571741c9339ae6b7c35676a6e26a3237ceca487abe85369e91a0"
"md","SKILL","bmm","bmm/agents/bmad-agent-dev/SKILL.md","54ab6d9d60d7ed7e84d6510cf325734b66feb1b419131436672559584b4bf508"
"md","SKILL","bmm","bmm/agents/bmad-agent-pm/SKILL.md","e2ebea0bf6ee158fcb9e62731a185983f2ac59f664940f4f4320cf10e1bbdf92"
"md","SKILL","bmm","bmm/agents/bmad-agent-ux-designer/SKILL.md","d780ae59b9fb7e3a94c5ffe4ec75f90942d4a9a3944af4b36c2d279fdd7801db"
"md","SKILL","bmm","bmm/plan/bmad-architecture/SKILL.md","b3d8c6e5024cb9747ef1659cec8109f5bb797fd1760338e65237bb084b60fcdc"
"md","SKILL","bmm","bmm/plan/bmad-create-epics-and-stories/SKILL.md","4ec9ec255c2c0e97ae912342ae1445318e672aa1c2a9e412806b7d7ef7d5a6a7"
"md","SKILL","bmm","bmm/plan/bmad-document-project/SKILL.md","3bdd548a1d9691ac7bd951bc2f0d0d7400fca19a697a1965ed7bf651532b1773"
"md","SKILL","bmm","bmm/plan/bmad-generate-project-context/SKILL.md","f98c7ac4647b0764e2c1a7302f32b23cdc6045d907842a9e666f351594588250"
"md","SKILL","bmm","bmm/plan/bmad-prd/SKILL.md","5c220a51dc6f25499b7f18c7104a0a981dc3d721aa63d0fba88ec3de32c3fbde"
"md","SKILL","bmm","bmm/plan/bmad-prfaq/SKILL.md","353da1cc8837e880c7f41b636a1bd38086c56a91d59798b13f5d6168f0021de4"
"md","SKILL","bmm","bmm/plan/bmad-product-brief/SKILL.md","4c15a8ec688c998eeb71957f208b5953b1ac7a5641b008b3509f1f4fcdc8e6cd"
"md","SKILL","bmm","bmm/plan/bmad-project-context/SKILL.md","76608f98310dab8c05b6f6c37a8bef791e2c7cec4c84b9b5294e7238f5509fb6"
"md","SKILL","bmm","bmm/plan/bmad-spec/SKILL.md","5b5680dbf01dbfc5b4a5485e70f20ea48ac21a1d6137c4ea2ff704262dcc45d2"
"md","SKILL","bmm","bmm/plan/bmad-sprint-planning/SKILL.md","6ed5dd51be5d6a807c7e6af0542bff609fe69e84b67025ed7aa3fd9ae1ccb36d"
"md","SKILL","bmm","bmm/plan/bmad-ux/SKILL.md","6475c8171bf7346964234bd35994b9d5518102dc245768c660e4dacd1e6b50fd"
"md","SKILL","bmm","bmm/ship/bmad-build/SKILL.md","bce4778d8d275095ca1836733337163c1bf11a5a62e6585b951de458a5ac2c8e"
"md","SKILL","bmm","bmm/ship/bmad-build-auto/SKILL.md","ea6931f8210e92f7d9cfb845040d557d4d8c02eced3acc3d77bd2fcc4fffc235"
"md","SKILL","bmm","bmm/ship/bmad-checkpoint-preview/SKILL.md","34613078dbea9c55e45df016399328d8360579fd381301a5de78bb52c3597591"
"md","SKILL","bmm","bmm/ship/bmad-code-review/SKILL.md","c303ef6d8cc507ef268e95978052250289bd0c76941441a023baebfd807c1efd"
"md","SKILL","bmm","bmm/ship/bmad-correct-course/SKILL.md","5064ef2e7aedfb094bef912d5e4d6680318a1904d9bcdc7875d3dc16bb253ea4"
"md","SKILL","bmm","bmm/ship/bmad-qa-generate-e2e-tests/SKILL.md","9e78729569b2dc8e24e5f8eb016a851c4efd5c1920e2c91e0e3175fc6899d98d"
"md","SKILL","bmm","bmm/ship/bmad-retrospective/SKILL.md","8da5b53055afa76cf88135f186d35a6cb95bab1096ed96022354846dc788d26a"
"md","SKILL","bmm","bmm/v6-shims/bmad-create-architecture/SKILL.md","7c25243447767109706af5dc500d6d6ebd02fac2e1429226946627b12a7a1608"
"md","SKILL","bmm","bmm/v6-shims/bmad-create-prd/SKILL.md","a4425a65fedf69578b941674087f787142fb69849ee6831072d351fa598c46dc"
"md","SKILL","bmm","bmm/v6-shims/bmad-create-story/SKILL.md","0e44924af9cd272ee50895a8c3471f581a130b0f1405c2de153a1c6756308e8f"
"md","SKILL","bmm","bmm/v6-shims/bmad-dev-auto/SKILL.md","1c056c69a17043bfb4b80f9e42a8ec8338fc6fa47c6ae8d5cf53f8a326966b4a"
"md","SKILL","bmm","bmm/v6-shims/bmad-dev-story/SKILL.md","7b958052c3dc0638c0091a5156598fa32060e6b1b12194abb91c5bc1804a2c3e"
"md","SKILL","bmm","bmm/v6-shims/bmad-domain-research/SKILL.md","6c873cdb44ed6444c2abfb335ad7af474fda56f4ba62c1c9c7cff42d9a243cd4"
"md","SKILL","bmm","bmm/v6-shims/bmad-edit-prd/SKILL.md","02c577a6a2592a65e6b583ade0022dccb6cd9b4baba7be094bc402415287e261"
"md","SKILL","bmm","bmm/v6-shims/bmad-market-research/SKILL.md","b52667b85bee97ff23dd02532a2f286c72e63fd14b1afaedd6592de4d6112df6"
"md","SKILL","bmm","bmm/v6-shims/bmad-quick-dev/SKILL.md","23bb1434e03693152311b8e79570bb8a042eb39f57615cc4d0df15b72f29b113"
"md","SKILL","bmm","bmm/v6-shims/bmad-sprint-status/SKILL.md","95e695ce9665c6b3d617d41b0581bc30de6288263609a910559a97b26eb49e78"
"md","SKILL","bmm","bmm/v6-shims/bmad-technical-research/SKILL.md","d8e6177fc03c3d815642bdf6b54b83ef37874e73118d89112f155dbda14afbfa"
"md","SKILL","bmm","bmm/v6-shims/bmad-validate-prd/SKILL.md","e2ff02eb454495ae1cb551724bfc28dff9714c01690c5a731f3963f2e3807944"
"md","spec","bmm","bmm/plan/bmad-project-context/evals/files/fixture-greenfield/spec.md","43ccc107f604ed4d0953b155cc749902753d8fa8a3f7d06194500fc4d6764dc1"
"md","spec-template","bmm","bmm/plan/bmad-spec/assets/spec-template.md","4b3a032c045fdd0903933446fc07f93e879997f28a0294ed4344da71192b20ee"
"md","spec-template","bmm","bmm/ship/bmad-build/spec-template.md","68d0e3b9acaa0c22ab3b0dd1dbce9d8ef9b4d16637ed5e6fbd5244528732943e"
"md","spec-template","bmm","bmm/ship/bmad-build-auto/spec-template.md","5fccfa92dd632d4be646ab40f2882452189aba49db57fe3fa00fcc1806666d74"
"md","spine-template","bmm","bmm/plan/bmad-architecture/assets/spine-template.md","ef4ff795624eb5439fae54a06edb389feb5a0cf79cb01ae007af51109335d198"
"md","status-view","bmm","bmm/plan/bmad-sprint-planning/references/status-view.md","c3547e221ebf6e55c874e2ada3e8c18198835213c76f0bb2e0e64150aac355ab"
"md","step-01-clarify-and-route","bmm","bmm/ship/bmad-build/step-01-clarify-and-route.md","0a3afcde2b1d4475250896f132fd8839cf442b3364ebfbeeace5a489042c7c7f"
"md","step-01-clarify-and-route","bmm","bmm/ship/bmad-build-auto/step-01-clarify-and-route.md","7480db7720720212bd045793fddcb91f06091fe512e53b38127f6440c3fd96e2"
"md","step-01-gather-context","bmm","bmm/ship/bmad-code-review/steps/step-01-gather-context.md","3f5a74d63a91fb385d33786b78d09bb9bca483b1ac45933b9715c9fb79b79e9d"
"md","step-01-orientation","bmm","bmm/ship/bmad-checkpoint-preview/step-01-orientation.md","d9e3b949c36d49a025f3535773af2b51888fe4ce616b6d6d69683a122716b1d2"
"md","step-01-validate-prerequisites","bmm","bmm/plan/bmad-create-epics-and-stories/steps/step-01-validate-prerequisites.md","7181608c1ee4e55c084c6627d68fc55a8a0b6917e489f8ac77531a0530428a30"
"md","step-02-design-epics","bmm","bmm/plan/bmad-create-epics-and-stories/steps/step-02-design-epics.md","7c66987808c1f84e853fe54b7aff26d209196d450b5644704110f124a15179bc"
"md","step-02-plan","bmm","bmm/ship/bmad-build/step-02-plan.md","d90db50ca7a679dd42f7d1587a909d0579f24480b116d6ed82b4c7d4fe9bea66"
"md","step-02-plan","bmm","bmm/ship/bmad-build-auto/step-02-plan.md","a08e303c10f88dbfce88c55044757ec5059afe338793eb414e1ddb0b7c324625"
"md","step-02-review","bmm","bmm/ship/bmad-code-review/steps/step-02-review.md","3d146c060e838413f1262211cc58b06eeee1a9a86b8997efd83d0dc8c03cfa60"
"md","step-02-walkthrough","bmm","bmm/ship/bmad-checkpoint-preview/step-02-walkthrough.md","66cf893f8f968ee81034e9ccd8c20415692c3a8c23a9a143c2245fe6c800acdc"
"md","step-03-create-stories","bmm","bmm/plan/bmad-create-epics-and-stories/steps/step-03-create-stories.md","c5b787a82e4e49ed9cd9c028321ee1689f32b8cd69d89eea609b37cd3d481afc"
"md","step-03-detail-pass","bmm","bmm/ship/bmad-checkpoint-preview/step-03-detail-pass.md","d48163b9f305f15af57729a8443142e47beb6c3e977554afe12b39ee49cb9fc0"
"md","step-03-implement","bmm","bmm/ship/bmad-build/step-03-implement.md","3b77ca64380b2989016191f488311ff392df0ebf4f641b9898d02b01767a646f"
"md","step-03-implement","bmm","bmm/ship/bmad-build-auto/step-03-implement.md","f3e427c6033a26adcc327e4367db38c619527858a1175b148ec5a6f53d1bb408"
"md","step-03-triage","bmm","bmm/ship/bmad-code-review/steps/step-03-triage.md","46a9e661e8aed6a7347cd7bc0b3f7edd8e4bffcfc96b2e15895f7a8ce2517d70"
"md","step-04-final-validation","bmm","bmm/plan/bmad-create-epics-and-stories/steps/step-04-final-validation.md","6b83fcf177c24c6b43c2eb0df2efc1430cb0f357b3ab20ee8a5c5483c3fee079"
"md","step-04-present","bmm","bmm/ship/bmad-code-review/steps/step-04-present.md","1bded625413479aae5bb2e46a36d4e4156c31dc19f97b98812ecb8734870687c"
"md","step-04-review","bmm","bmm/ship/bmad-build/step-04-review.md","bcf300e2faaf413afe1a25498284baabba09681bca089e615530d0b9dc5cee72"
"md","step-04-review","bmm","bmm/ship/bmad-build-auto/step-04-review.md","8e9ff909192e1d5d50f9fc071c4b5eb8830cc921200d423904a30dadca58c3e9"
"md","step-04-testing","bmm","bmm/ship/bmad-checkpoint-preview/step-04-testing.md","28a56e868968ea2d18add0df8c4bccced0f94b698e218df3d45ddac072ce369c"
"md","step-05-present","bmm","bmm/ship/bmad-build/step-05-present.md","81e80f3fd38f8e3049afe9daf41783b86b00ac22544f7f36bd430496a12d8e46"
"md","step-05-wrapup","bmm","bmm/ship/bmad-checkpoint-preview/step-05-wrapup.md","c2d4dbc17fed4f8ecbfcb09a2f9c77f0d4562bd27397270e2c27ba37cf4fe073"
"md","step-oneshot","bmm","bmm/ship/bmad-build/step-oneshot.md","e75505130a2fcc49cd71dfb36c92e76255d39fdfe8d4f735c7c9276e2917cb8a"
"md","stories-schema","bmm","bmm/plan/bmad-spec/assets/stories-schema.md","4f8137c00e2710288354a4466d1cfb90704f4b2a04bd3b63924218fd589cc6a9"
"md","sync-sprint-status","bmm","bmm/ship/bmad-build/sync-sprint-status.md","6c9e2ec17245d2dcb796bd9a36997371a20db8e579a2f803d16064e3bc36c40b"
"md","team-discussion","bmm","bmm/ship/bmad-retrospective/references/team-discussion.md","a9c504c436038c7e47d08322413aa3c213d2859b36ae30e873cb8c60fd9e008e"
"md","template","bmm","bmm/v6-shims/bmad-create-story/template.md","29ba697368d77e88e88d0e7ac78caf7a78785a7dcfc291082aa96a62948afb67"
"md","validate","bmm","bmm/plan/bmad-prd/references/validate.md","71f28774e85c673a5c48af607af541e6a08e10076a2d46d0763885fafc74f201"
"md","validate","bmm","bmm/plan/bmad-sprint-planning/references/validate.md","ac680fa0a0f945a9bc0fc89ca709b2a8e6bc3b2617cd0d3d730378c4b5edd86d"
"md","validate","bmm","bmm/plan/bmad-ux/references/validate.md","336d5be5ca860dc6948606b68b5a14fed593d41508ad83e123879bd466c984db"
"md","verdict","bmm","bmm/plan/bmad-prfaq/references/verdict.md","1a1cbc34090114d3a2b928456edec1563b73d84fea66c58e98780bf680f172ec"
"md","verification-gap","bmm","bmm/ship/bmad-build/review-prompts/verification-gap.md","11b6bbbd4e3426a25cca81229c98971e5f20ce99638940c47c9c1484011b457a"
"md","verification-gap","bmm","bmm/ship/bmad-build-auto/review-prompts/verification-gap.md","11b6bbbd4e3426a25cca81229c98971e5f20ce99638940c47c9c1484011b457a"
"md","verification-gap","bmm","bmm/ship/bmad-code-review/review-prompts/verification-gap.md","11b6bbbd4e3426a25cca81229c98971e5f20ce99638940c47c9c1484011b457a"
"md","web-researcher","bmm","bmm/plan/bmad-prfaq/agents/web-researcher.md","6e9127bb9bd3e4b15c701e4ced9eef328769262cd34eadc221bebe954c1f3aef"
"md","workflow","bmm","bmm/ship/bmad-build/workflow.md","481ff00ef349a9c7845feca02bbfd5722b1e318ccabac858355da6c90c2d8a39"
"md","workflow","bmm","bmm/ship/bmad-build-auto/workflow.md","f5f538a647b2a09406b11337244d1bd74fe97e7fa85b58a990184fcb480bfd90"
"py","context","bmm","bmm/plan/bmad-project-context/scripts/context.py","96849e3f976b82586efcf815a9718ff05acd221b741f66b5bab8aaba6a1b4ae3"
"py","git_evidence","bmm","bmm/ship/bmad-retrospective/scripts/git_evidence.py","6e08688d2943217b61e784c7df3508aa1502d7cecf53ea7cd530944c431c91b6"
"py","lint_spine","bmm","bmm/plan/bmad-architecture/scripts/lint_spine.py","040e0f1c13d31e6a21c518df943d1d7de7b75d8d98a07603b0983f3f3fb500db"
"py","sprint_plan","bmm","bmm/plan/bmad-sprint-planning/scripts/sprint_plan.py","4c30f62c261599fc1da3fd319ea6ce5092aa0332221cedee1763a1040627e6bc"
"py","sprint_status","bmm","bmm/ship/bmad-retrospective/scripts/sprint_status.py","a697eecd53cd9177657aee4cfdb2eab06d7d81f3e855b096cfe0482a74c50ebe"
"py","test_context","bmm","bmm/plan/bmad-project-context/scripts/tests/test_context.py","a0737ec0f7b568ea0fe31367724349438981b5dd6ffdc028592501214c7d4ae8"
"py","test_git_evidence","bmm","bmm/ship/bmad-retrospective/scripts/tests/test_git_evidence.py","0abfc8fad338830fc2db656d3ccc500631b0ea7a2ab87d853c13a6bbd46ff13c"
"py","test_lint_spine","bmm","bmm/plan/bmad-architecture/scripts/tests/test_lint_spine.py","e86bb9a62c5cca74ddc89c843386f2b992610fcc1792d40e03bc9cd445b77681"
"py","test_sprint_plan","bmm","bmm/plan/bmad-sprint-planning/scripts/tests/test_sprint_plan.py","f1c3b640e156946b0a234e233807b2a3983cb0d3f2d13dbb9830fbe0c67e5238"
"py","test_sprint_status","bmm","bmm/ship/bmad-retrospective/scripts/tests/test_sprint_status.py","23da16cca54904a256fcf88fd8f912c3f6091ea343768c241bbd2aeebbca2af3"
"pyc","sprint_plan.cpython-311","bmm","bmm/plan/bmad-sprint-planning/scripts/__pycache__/sprint_plan.cpython-311.pyc","5a0f93358727b816bd3dff7ce048be09f712a14402e0ec4b5d9433540cd6022d"
"pyc","sprint_status.cpython-311","bmm","bmm/ship/bmad-retrospective/scripts/__pycache__/sprint_status.cpython-311.pyc","a15f8f37c5c5ab63634d21ce2430d8b4f8808f88410a005d9c45ebe5ad31a12f"
"pyc","test_git_evidence.cpython-311-pytest-9.1.1","bmm","bmm/ship/bmad-retrospective/scripts/tests/__pycache__/test_git_evidence.cpython-311-pytest-9.1.1.pyc","9de4dd35e62aa8dd012a0a3404c1f818bddb99028ca0828055c5d521156c3ec4"
"pyc","test_sprint_plan.cpython-311-pytest-9.1.1","bmm","bmm/plan/bmad-sprint-planning/scripts/tests/__pycache__/test_sprint_plan.cpython-311-pytest-9.1.1.pyc","17d247a33be64ab44f45be72debebd3d78a91970e5dcaa41efb54ccc12e415a6"
"pyc","test_sprint_status.cpython-311-pytest-9.1.1","bmm","bmm/ship/bmad-retrospective/scripts/tests/__pycache__/test_sprint_status.cpython-311-pytest-9.1.1.pyc","772f13a756528dd152d0cb0a1da5ece4e566e62f83aeaa8027b65a685292b488"
"toml","customize","bmm","bmm/agents/bmad-agent-analyst/customize.toml","f2a97b57d882ec897c981cc5b5f8aa61e384e8671f85506f8d2557e5b2a87e61"
"toml","customize","bmm","bmm/agents/bmad-agent-architect/customize.toml","82f0f082935f56e6fde41b007440edaa04984eb23abf26a3be7b1442baf0047a"
"toml","customize","bmm","bmm/agents/bmad-agent-dev/customize.toml","f3f107f11f150f62091a792fcdf224dbf8d6c351d24e2b1d08aabb077e655feb"
"toml","customize","bmm","bmm/agents/bmad-agent-pm/customize.toml","086d498b0e3d0c5dd193f8347ba30fdc93efcb57bbdfaff21fb0b418dba81ba8"
"toml","customize","bmm","bmm/agents/bmad-agent-ux-designer/customize.toml","3df7da44945f9df34dbb3a64de086c756e6c298e73078e388e8f9a4f57cbf7ab"
"toml","customize","bmm","bmm/plan/bmad-architecture/customize.toml","a6bb60a3adf976031f2870203285b1fc7a56e71e21232cd23bba544b178b5f15"
"toml","customize","bmm","bmm/plan/bmad-create-epics-and-stories/customize.toml","da9e43605bc6aec83173050b5d37ede6aebfa9a17c5959a5029681d73e744ba3"
"toml","customize","bmm","bmm/plan/bmad-prd/customize.toml","7f9a3a3503a3f758003ce2f1de59c31cc53658223e355fc76055f3140ef34e90"
"toml","customize","bmm","bmm/plan/bmad-prfaq/customize.toml","8994f925bab65bd310e5ab38781286b6137f3e0c9e89f3ab8a2f480eb05e0de5"
"toml","customize","bmm","bmm/plan/bmad-product-brief/customize.toml","50abc46f7c2e7cc7b02e2edc4aa6a237a46ea49dcc6781da5b42bd8968de39ab"
"toml","customize","bmm","bmm/plan/bmad-project-context/customize.toml","faf25f3363a1995f78e03cd0b277c8994b14c997e0ad940fb09e9357f0ec420c"
"toml","customize","bmm","bmm/plan/bmad-spec/customize.toml","a89e0f53f9b6386c281dd0158a21801a6b16f122085fd68b0220cd403c18f830"
"toml","customize","bmm","bmm/plan/bmad-sprint-planning/customize.toml","f7bde2f792e8604f26122ee792c5493e270710296044b07680db7d90e886caf3"
"toml","customize","bmm","bmm/plan/bmad-ux/customize.toml","61f8bfbb020beb159b8da570ed416b02ec4a9ba3709aa0d08b417648d85328d8"
"toml","customize","bmm","bmm/ship/bmad-build/customize.toml","68a0134f3f9e7f4a7b077aa2dcca1c68f208701d3487482e84afbee8717efec6"
"toml","customize","bmm","bmm/ship/bmad-build-auto/customize.toml","eb0b39a3e24e86e9dbca98506c8384ec452c539acb690063cabab4385c82f09a"
"toml","customize","bmm","bmm/ship/bmad-checkpoint-preview/customize.toml","1a1e0c3a8914adda3cec925eed51287e067c7f84120de64a8df53348e7b77de5"
"toml","customize","bmm","bmm/ship/bmad-code-review/customize.toml","4f50371c61dea41c100b137e3d2ac750b4e55bb3be55e5a62c77f527dae22f94"
"toml","customize","bmm","bmm/ship/bmad-correct-course/customize.toml","78095d25afb5b2d4844956f61e9ac640a62d0245174fab9406e9c289f33fd84b"
"toml","customize","bmm","bmm/ship/bmad-qa-generate-e2e-tests/customize.toml","04a99926b2d79318b927434c7344dc666f143026ed99c7fcc0d6e3d68263ae66"
"toml","customize","bmm","bmm/ship/bmad-retrospective/customize.toml","ff6fdda35fa4b7d9c2dcb4ffc3e06e56de9a588d4e4e6908379bc16a904d4225"
"toml","customize","bmm","bmm/v6-shims/bmad-create-architecture/customize.toml","618be49b0286f18dfb4b6bac3d96bf1cf062994fa5278cd327be9898e651b43c"
"toml","customize","bmm","bmm/v6-shims/bmad-create-prd/customize.toml","0c990af4c0a755402abbef893850bd542744a8b6f36c0587c9f3fb6dab6bf5e7"
"toml","customize","bmm","bmm/v6-shims/bmad-create-story/customize.toml","1204f6de064436922f2813069778eb4eaa5f1f945aa8ea5a5ffb87897a2ba8fe"
"toml","customize","bmm","bmm/v6-shims/bmad-dev-story/customize.toml","baba9f07f653063aa94981f1413d5dd4f604931077fbfb04d9c2e397f8d33237"
"toml","customize","bmm","bmm/v6-shims/bmad-edit-prd/customize.toml","35cc2dfb3eda73a0ae4dc987cac58867b25c43ce5c5a1bf552e215826ede6c22"
"toml","customize","bmm","bmm/v6-shims/bmad-sprint-status/customize.toml","96261fd227befaa4685b0a5091d3e85299d4ae8e4404176b42f5ef2e2fb501bd"
"toml","customize","bmm","bmm/v6-shims/bmad-validate-prd/customize.toml","bfb3c8af5b81b2cdb9bb84f844f1b0dafc40d8c283effa6ad48db966b9446cef"
"ts","client","bmm","bmm/plan/bmad-project-context/evals/files/fixture-workspace/proj-a/src/client.ts","3c27335cb138b38cc470edd2f6ae1a2fc1abe740f3c4db13fb26e8e88d5dcc00"
"ts","currency","bmm","bmm/plan/bmad-project-context/evals/files/fixture-refresh/src/lib/currency.ts","3fb51e61fa5ec76412aedeac455b3ec52ca615b001e7366a3ff4ac671a785d8d"
"ts","handlers","bmm","bmm/plan/bmad-project-context/evals/files/fixture-monorepo/services/billing/src/handlers.ts","dff45ef62c32f92a6b9751333e57ff6809af0e658b40b431a7d7df88404f9955"
"ts","money","bmm","bmm/plan/bmad-project-context/evals/files/fixture-brownfield/src/lib/money.ts","3fb51e61fa5ec76412aedeac455b3ec52ca615b001e7366a3ff4ac671a785d8d"
"ts","money","bmm","bmm/plan/bmad-project-context/evals/files/fixture-standalone/src/lib/money.ts","3fb51e61fa5ec76412aedeac455b3ec52ca615b001e7366a3ff4ac671a785d8d"
"ts","orders","bmm","bmm/plan/bmad-project-context/evals/files/fixture-brownfield/src/repos/orders.ts","9df0211f267c14f1f3dbf8f79911b3e03ba3d206bb3a89d3e4cfaf99d019b0ab"
"ts","webhooks","bmm","bmm/plan/bmad-project-context/evals/files/fixture-brownfield/src/routes/webhooks.ts","501678ae5e0a1cb961cd76abfe7d0c5467fcf96afd6d309b63f72287330695dd"
"ts","webhooks","bmm","bmm/plan/bmad-project-context/evals/files/fixture-refresh/src/routes/webhooks.ts","501678ae5e0a1cb961cd76abfe7d0c5467fcf96afd6d309b63f72287330695dd"
"yaml","config","bmm","bmm/config.yaml","b6450e26f45b839b5c987752d6a484b58588b9799d7afdf5e451f3ef31fb3766"
"yaml","context","bmm","bmm/plan/bmad-project-context/evals/files/fixture-brownfield/_bmad/context.yaml","6e32f50e82daec4830e18960977562f6d10c814554807823b658a18c23d51484"
"yaml","pnpm-lock","bmm","bmm/plan/bmad-project-context/evals/files/fixture-brownfield/pnpm-lock.yaml","33b667d1ca1e48771c98fc74340f8432fe844864577c8244f5f54b7c5c2749e5"
"yaml","registry","bmm","bmm/plan/bmad-project-context/evals/files/fixture-workspace/obeya/registry.yaml","0547cf42045a14b11037e8a34e08fe4738304f4079f7636f3141e1dc5d53b503"
"yaml","sprint-status-template","bmm","bmm/plan/bmad-sprint-planning/sprint-status-template.yaml","64b1a937e1fe03b8b8d158e3b1caeb89e7d51692a56c16038e2af091decc553a"
"yaml","sprint-status-template","bmm","bmm/ship/bmad-retrospective/scripts/tests/fixtures/sprint-status-template.yaml","64b1a937e1fe03b8b8d158e3b1caeb89e7d51692a56c16038e2af091decc553a"
"toml","config","config.toml","config.toml","6949fc93014a43146b2b27b1cf986b74f23dca2304ea3faf6e7264fa62f31497"
"toml","config.user","config.user.toml","config.user.toml","9b32bf67eb347f0729a97eb4c022fd13dba30d4dde649278878a20e77a0bd70a"
"csv","brain-methods","core","core/bmad-brainstorming/assets/brain-methods.csv","fff112eabca1a9cb8b190f8314bc47678becc5782a2372e11c83daa0e33b6dfd"
"csv","methods","core","core/bmad-advanced-elicitation/assets/methods.csv","d110ff5f076fb9421552b83692fde2c2d367734049169c7a55f7267a3dc7ef89"
"csv","module-help","core","core/module-help.csv","3d5feb19c1750d35676530c746a5c71e8959616f3c32fb161847971611d81b6b"
"html","brain-selector","core","core/bmad-brainstorming/assets/brain-selector.html","c110919a3366bd96061f050f98503e3586185e3d1df5ff8b62a5a046c571a436"
"json","brain-icons","core","core/bmad-brainstorming/assets/brain-icons.json","a101c56e89f1d0f9e4131dfdfc19e10c746e3a61c3f92537d04a6f4897b7d331"
"md","academic-lit","core","core/bmad-deep-recon/types/academic-lit.md","514b0b7b1184cb95363dedeb0c2298a9bf5c430c74146fe2114f31780fadb325"
"md","competitive","core","core/bmad-deep-recon/types/competitive.md","39b53df87d295fdc4388719fcdf31ad2221e64afc136e669207f46d2727a3aec"
"md","converge","core","core/bmad-brainstorming/references/converge.md","1528c32ddc64f8061fec663306f7208d2fd4d4a90e660552b8138bda7e452dc0"
"md","create-party","core","core/bmad-party-mode/references/create-party.md","2f810332c36c17d14eb55717aed48f3020acf0713bb9f932479be9fbc3856e9e"
"md","domain","core","core/bmad-deep-recon/types/domain.md","3a34b2e62c3589f8c8d01158357ee9fba32648c9fdfe70035bb3ca971862896b"
"md","draft","core","core/bmad-deep-recon/references/draft.md","ac19b33a00ca529c3281df6076f87a833a3b11fc30915ca2c6e7590f7986b90e"
"md","editorial-common","core","core/bmad-review/references/editorial-common.md","f0cdc72ea345b2c5dc3001477b3dfcc909ca11b78f7db8865b6763d18ffc66c8"
"md","finalize","core","core/bmad-brainstorming/references/finalize.md","b6074e7fb4d86ffcf899abc50b9049b4a1f6fe550917f4be7a1c7a888477e07e"
"md","finalize","core","core/bmad-deep-recon/references/finalize.md","d2ba4bee615dfbca6e7725179fb5ebd856dd34a54ba3f306e25255dfd7b1d126"
"md","headless","core","core/bmad-brainstorming/references/headless.md","b8ea5951199cff7e4813e06aef35683ca0658230fa015e358cacc466b1138a42"
"md","html-briefing","core","core/bmad-deep-recon/references/html-briefing.md","cd3a88c1a5505fa7f1b715afc3adb34f3d64ade66f4c6b49a59f7e8cfcbe38d4"
"md","in-chat-techniques","core","core/bmad-brainstorming/references/in-chat-techniques.md","18239464e3e4f00ea9063d015d26d6b0a696b72e7e3c5be92352da6db9a3f244"
"md","lens-adversarial","core","core/bmad-review/references/lens-adversarial.md","7c5ce97ab2f3ecb96ceb6aa76417f68c1b7df535edd3cc51666d8e1216e6e557"
"md","lens-edge-case-hunter","core","core/bmad-review/references/lens-edge-case-hunter.md","f2709e3adb40943ea0f19d0797be379caf0875eaef9a55081dc1e170e8288b68"
"md","lens-prose","core","core/bmad-review/references/lens-prose.md","4cbcb1eaea8567d272f5db7c6cdfd74ed5a8aae6831053cb2f01cbfc2cb98b98"
"md","lens-structure","core","core/bmad-review/references/lens-structure.md","98c08221f517133e57ef6325013935360c3365ebd7dcb8411b2050d7df507ee3"
"md","lens-verification-gap","core","core/bmad-review/references/lens-verification-gap.md","e7123d81171eeeee1b3782d13d94c2988969fe357dd71949131a5eb97803e2c6"
"md","lifecycle","core","core/bmad-deep-recon/references/lifecycle.md","2315fd9cb9223504639616b861ad593bfecb53d605efbd598ae2cf94fb6c4cdf"
"md","market","core","core/bmad-deep-recon/types/market.md","81ac04499da441857672e29fcd7169436a7e239e67194288ac0d526ec514cb5e"
"md","mode-agent-team","core","core/bmad-party-mode/references/mode-agent-team.md","def759a17f4bb45463b68fb74c2b828b0a4241720b2b6cc1c9c611a1016ae9d7"
"md","mode-auto","core","core/bmad-party-mode/references/mode-auto.md","a37fd24f76dfcde385890d5c5947bb6f40ca44bea86c805d267b6ae3aab39f70"
"md","mode-autonomous","core","core/bmad-brainstorming/references/mode-autonomous.md","d815d2c7f0f8cc0cdfa7c619eaf61f59fd78142f13c69365eda257da38b97bdf"
"md","mode-facilitator","core","core/bmad-brainstorming/references/mode-facilitator.md","1b908498d285d190859aed00c3ba5b399d7f6aa8e94d54e95456d15cd6fe6073"
"md","mode-partner","core","core/bmad-brainstorming/references/mode-partner.md","caa0ed378c116def4de382f4e5a95173c6ae6cc5464f1792e7d8196360f79c8a"
"md","mode-subagent","core","core/bmad-party-mode/references/mode-subagent.md","86161b24a0b13b8f9cb9309042e4249d8caefff8cc33728b084cd2ec22f9d2e1"
"md","party-memory","core","core/bmad-party-mode/references/party-memory.md","800b4b4b920bb881a7b32aaabca8559a98273799b2476d83a23e290e301fb315"
"md","process","core","core/bmad-deep-recon/references/process.md","9017d04774807a29103ea97331e555e2793f90098af65752b72f3ee09df85906"
"md","README","core","core/v6-shims/README.md","017900bb03baeddc0262041a6aa85bce744e8c45991dcde32ef042f9bc2a32b2"
"md","research.template","core","core/bmad-deep-recon/assets/research.template.md","87d7cfa85fa5036b5a309b7bfb88f7934f50bb81f3cff02d2b49b4c7345cfc38"
"md","resume","core","core/bmad-brainstorming/references/resume.md","0f79535d72eefe6c55bd5ae47fe4753de8d27235cf129f10b2c596a124c26526"
"md","run","core","core/bmad-deep-recon/references/run.md","8e259dc88820ac989c79620af5c37e24f00df21ac4af308ce3563c0e66c9406c"
"md","selection","core","core/bmad-deep-recon/references/selection.md","2b488c08f9550afe7fda32c2dc5d4591927afd7b9ad507fcce0ae8593c4b9d31"
"md","SKILL","core","core/bmad-advanced-elicitation/SKILL.md","23a1f2903f6a19255e3ceae798afe48f6394694769b3b034502d174d683612b2"
"md","SKILL","core","core/bmad-brainstorming/SKILL.md","e9cb07fe86aa254f9fb7217720d77fd693bf66a0c01af8114ecdf7148159fdd1"
"md","SKILL","core","core/bmad-customize/SKILL.md","a42086f90024013e2611503eb0224ac0e90b2aecac44a886ae0e38cfdda69511"
"md","SKILL","core","core/bmad-deep-recon/SKILL.md","dce5f7db03094a617cc3fcae1711b1dc7ccebe379376e67216544956d375f0d2"
"md","SKILL","core","core/bmad-forge-idea/SKILL.md","a838096deb871b3482dffe6163be16104f7911698b25af5617751655fd3295c9"
"md","SKILL","core","core/bmad-help/SKILL.md","68a19089a0073b299c705e9afaa8d18183e78f88a185a68e9efba2e14062effc"
"md","SKILL","core","core/bmad-party-mode/SKILL.md","de035b4e081fdd626a20114178f706ac222f519171d82b02139a7cec561a3487"
"md","SKILL","core","core/bmad-review/SKILL.md","144e6c46d9157f7a88722c56139cd78c12903b1283ed84dd9c2b1f5dfa7673c1"
"md","SKILL","core","core/v6-shims/bmad-editorial-review/SKILL.md","3b939876b4977bec7f2d3ee33a8871b266f25efc72768d72868ac26ff9158cd2"
"md","SKILL","core","core/v6-shims/bmad-editorial-review-prose/SKILL.md","153e7b0a240c3f5e49d6128ff1797aabc368618611d895f7f152e73fbcb12fab"
"md","SKILL","core","core/v6-shims/bmad-editorial-review-structure/SKILL.md","5e45da216b00aad3955a7196df6cb8e52167f441d2dcd7c064983881691bf1e8"
"md","SKILL","core","core/v6-shims/bmad-review-adversarial-general/SKILL.md","ca1d05a05eb41ec446abd862e9afe4a88b9188a3bb93bc3e70ca68ecb8740619"
"md","SKILL","core","core/v6-shims/bmad-review-edge-case-hunter/SKILL.md","f9db1d7f58c5e3f7586c10c920d4dd9d6c6d6e2dff5cd49110ec1edb387937a1"
"md","SKILL","core","core/v6-shims/bmad-review-verification-gap/SKILL.md","4ee67cc3d7355ba05d195797cb2d57d45f9046ee31781f2d133ff3484cfb53ae"
"md","structure-models","core","core/bmad-review/references/structure-models.md","f84f85070e1af75f2482757aba9d37d69d805a20826d185527e598f2ba6b9292"
"md","synthesis","core","core/bmad-deep-recon/references/synthesis.md","4d9ef1247ab45241f919010e94c99699abc0a6e18b5bd68fa93ae54afe59d172"
"md","technical","core","core/bmad-deep-recon/types/technical.md","55f71428c70547b89d67ef0c6cdad59caeb0ee21082cd1230c05618ba8d04707"
"md","user-voice","core","core/bmad-deep-recon/types/user-voice.md","1831ce46e53e8c68244d28e336c5ef9e53e64f21a00b74a817b9b2924c1e8e72"
"md","verification","core","core/bmad-deep-recon/references/verification.md","0393ded4828fec69a4819d7236827910d641d09c3b61144c0211a9a78776fdd2"
"py","brain","core","core/bmad-brainstorming/scripts/brain.py","1c75c667fc70a85055dd19d77fb21478e190874e4a61d070c3b0971dd1bd25cc"
"py","list_customizable_skills","core","core/bmad-customize/scripts/list_customizable_skills.py","8787f542930b927789e7fdf12bc5a67ff08e19865903a5ad05ff2cc8fc426b66"
"py","pick_methods","core","core/bmad-advanced-elicitation/scripts/pick_methods.py","60020ec4767894ea3d8707c4b61e78b679d434315be1dd29154bf64d88126fff"
"py","recon_kit","core","core/bmad-deep-recon/scripts/recon_kit.py","8cb5187b5114b779532907383a013d40fdea1022bb9bed9a23bd8d0fdfa79e8c"
"py","resolve_party","core","core/bmad-party-mode/scripts/resolve_party.py","0bed5ad2139f4412699c07d571c218470901b901ca4a72b441ec9308dbc8ce74"
"py","resolve_personas","core","core/bmad-forge-idea/scripts/resolve_personas.py","b3e5f2f38de013ad878d8ac9c1d4e77d555c2d665dd6c0bc16f9f567d2bbd30c"
"py","test_brain","core","core/bmad-brainstorming/scripts/tests/test_brain.py","021c0b9fae8db859725312d50d8b304fff00ee7acc310699c35523e86bffbdd8"
"py","test_list_customizable_skills","core","core/bmad-customize/scripts/tests/test_list_customizable_skills.py","24c3d384b3b5d490b7335c17866bfe0425af253ce669c32382fa88feb705934d"
"py","test_pick_methods","core","core/bmad-advanced-elicitation/scripts/tests/test_pick_methods.py","610099d8494529f9203d7262567810b500552bcef006b3b6388d58da3da71978"
"py","test_recon_kit","core","core/bmad-deep-recon/scripts/tests/test_recon_kit.py","1b4ddf482dd2d11a214ee2f821c35d7a8c41905b5d8d9cc69a293304bb8a1665"
"py","test_resolve_party","core","core/bmad-party-mode/scripts/tests/test_resolve_party.py","bb53fe03ec3013ed96c0fb399c1948f28bcf55cb2d7727fe0189343fcaa667d5"
"py","test_resolve_personas","core","core/bmad-forge-idea/scripts/tests/test_resolve_personas.py","1c4fa4b1d68bfbd10e4b38cad3c8286dad62345cebd08fe94a6862351b02855e"
"py","test_word_metrics","core","core/bmad-review/scripts/tests/test_word_metrics.py","3b5a285d3c9f611b3cda8c9c1d52d6b214c1f72e6e64a94ea5b0e220db5a8765"
"py","word_metrics","core","core/bmad-review/scripts/word_metrics.py","fb45007a7f3cfc18d13ee8bd4787facdaae297570193bc769456297dd33da78b"
"toml","customize","core","core/bmad-advanced-elicitation/customize.toml","735a276edd51786ccfd2c3417d9a2b9dee4244a6102698981b3888f68d979ed9"
"toml","customize","core","core/bmad-brainstorming/customize.toml","21fcbc60c78db99ca0424da192ba0942dce2189f350f77838e4d3ecd501edd1c"
"toml","customize","core","core/bmad-deep-recon/customize.toml","24d1383066034fd4fcf282279aaf0d29d21910fd1247dfe3dbad74a70e78814d"
"toml","customize","core","core/bmad-forge-idea/customize.toml","ef5fadd1df3550cae00b1b442606bf84d187bfd55397563f143e1057430df45c"
"toml","customize","core","core/bmad-party-mode/customize.toml","9c6ee33cd7fdd80e4adf514c3d54636d933d5250c2ddd78041c6cfe73b745bb0"
"toml","customize","core","core/bmad-review/customize.toml","38470c888a809ee030dc11d38868bb1ac5c1d547f06d218b711be5df53385c00"
"toml","customize","core","core/v6-shims/bmad-editorial-review/customize.toml","a5c5fed539e6543121e57cc29bb65559bb6391efc806bf8759c8e29697a94a34"
"yaml","config","core","core/config.yaml","720a4ad1e3d9c40990fa4aaa3f1ca54a22cf8146710ad01e7addfa2a40e3c177"
"file",".gitignore","render","render/.gitignore","240a3e0d37d2e86b614063f5347eb02d4f99ca6c254de6b82871ff8d95532a7d"
"py","config_utils","scripts","scripts/config_utils.py","48afe2bc18a29201e343cce3703be1e70df9c83ee74eeb68e57ef8ef42e8c651"
"py","context","scripts","scripts/context.py","96849e3f976b82586efcf815a9718ff05acd221b741f66b5bab8aaba6a1b4ae3"
"py","memlog","scripts","scripts/memlog.py","3b00f82ca33dc4227f715123b939514ee35c4f9c71150c894c3d8185df1b48df"
"py","render_skill","scripts","scripts/render_skill.py","8496d0d8b449d64c21b42a9aab3b13fc8a813a430c0695ffd84ad75bb1da7942"
"py","resolve_config","scripts","scripts/resolve_config.py","fc78866fd42862d486d4346d2b35705f916a19e6c07bb474f8add25c71734a8e"
"py","resolve_customization","scripts","scripts/resolve_customization.py","9b5124e0b781823a015a19d6cf5db52bbc34b6bab41c036fd1b3d464c2a137cd"
"csv","module-help","tea","tea/module-help.csv","0a718d289033627c467016f694801467c2a84347034e7ef27e4651d1715c17e4"
"csv","tea-index","tea","tea/agents/bmad-tea/resources/tea-index.csv","30ffce906680d270f9861912bbfbd82b17929dda3994065cb53d0408cda06112"
"csv","tea-index","tea","tea/workflows/testarch/bmad-testarch-atdd/resources/tea-index.csv","f223be0094e5ec17f7041c139823f9749853be5bf6ab1d95bec8a15f8c4a1bc3"
"csv","tea-index","tea","tea/workflows/testarch/bmad-testarch-automate/resources/tea-index.csv","82482e5af4e832b89c47a7e81560c3ad149784b28d4c6209757f4df9b2aa9e4b"
"csv","tea-index","tea","tea/workflows/testarch/bmad-testarch-ci/resources/tea-index.csv","82482e5af4e832b89c47a7e81560c3ad149784b28d4c6209757f4df9b2aa9e4b"
"csv","tea-index","tea","tea/workflows/testarch/bmad-testarch-framework/resources/tea-index.csv","82482e5af4e832b89c47a7e81560c3ad149784b28d4c6209757f4df9b2aa9e4b"
"csv","tea-index","tea","tea/workflows/testarch/bmad-testarch-nfr/resources/tea-index.csv","82482e5af4e832b89c47a7e81560c3ad149784b28d4c6209757f4df9b2aa9e4b"
"csv","tea-index","tea","tea/workflows/testarch/bmad-testarch-test-design/resources/tea-index.csv","82482e5af4e832b89c47a7e81560c3ad149784b28d4c6209757f4df9b2aa9e4b"
"csv","tea-index","tea","tea/workflows/testarch/bmad-testarch-test-review/resources/tea-index.csv","82482e5af4e832b89c47a7e81560c3ad149784b28d4c6209757f4df9b2aa9e4b"
"csv","tea-index","tea","tea/workflows/testarch/bmad-testarch-trace/resources/tea-index.csv","82482e5af4e832b89c47a7e81560c3ad149784b28d4c6209757f4df9b2aa9e4b"
"groovy","jenkins-pipeline-template","tea","tea/workflows/testarch/bmad-testarch-ci/jenkins-pipeline-template.groovy","f2b75c5ba3eda7537044909830ca674d794eaa929bcd032fcc2c523709b9bb77"
"md","adr-quality-readiness-checklist","tea","tea/agents/bmad-tea/resources/knowledge/adr-quality-readiness-checklist.md","a8129b16c3b2afbc1f58fe5edc73dc8f1291c172c6ca009d92f1947bef1a237e"
"md","adr-quality-readiness-checklist","tea","tea/workflows/testarch/bmad-testarch-atdd/resources/knowledge/adr-quality-readiness-checklist.md","a8129b16c3b2afbc1f58fe5edc73dc8f1291c172c6ca009d92f1947bef1a237e"
"md","adr-quality-readiness-checklist","tea","tea/workflows/testarch/bmad-testarch-automate/resources/knowledge/adr-quality-readiness-checklist.md","a8129b16c3b2afbc1f58fe5edc73dc8f1291c172c6ca009d92f1947bef1a237e"
"md","adr-quality-readiness-checklist","tea","tea/workflows/testarch/bmad-testarch-ci/resources/knowledge/adr-quality-readiness-checklist.md","a8129b16c3b2afbc1f58fe5edc73dc8f1291c172c6ca009d92f1947bef1a237e"
"md","adr-quality-readiness-checklist","tea","tea/workflows/testarch/bmad-testarch-framework/resources/knowledge/adr-quality-readiness-checklist.md","a8129b16c3b2afbc1f58fe5edc73dc8f1291c172c6ca009d92f1947bef1a237e"
"md","adr-quality-readiness-checklist","tea","tea/workflows/testarch/bmad-testarch-nfr/resources/knowledge/adr-quality-readiness-checklist.md","a8129b16c3b2afbc1f58fe5edc73dc8f1291c172c6ca009d92f1947bef1a237e"
"md","adr-quality-readiness-checklist","tea","tea/workflows/testarch/bmad-testarch-test-design/resources/knowledge/adr-quality-readiness-checklist.md","a8129b16c3b2afbc1f58fe5edc73dc8f1291c172c6ca009d92f1947bef1a237e"
"md","adr-quality-readiness-checklist","tea","tea/workflows/testarch/bmad-testarch-test-review/resources/knowledge/adr-quality-readiness-checklist.md","a8129b16c3b2afbc1f58fe5edc73dc8f1291c172c6ca009d92f1947bef1a237e"
"md","adr-quality-readiness-checklist","tea","tea/workflows/testarch/bmad-testarch-trace/resources/knowledge/adr-quality-readiness-checklist.md","a8129b16c3b2afbc1f58fe5edc73dc8f1291c172c6ca009d92f1947bef1a237e"
"md","api-request","tea","tea/agents/bmad-tea/resources/knowledge/api-request.md","d14f6e26151c48424d60cde5db81c0ffc8ec72eaf3357f27b4e137f222a4c4e3"
"md","api-request","tea","tea/workflows/testarch/bmad-testarch-atdd/resources/knowledge/api-request.md","d14f6e26151c48424d60cde5db81c0ffc8ec72eaf3357f27b4e137f222a4c4e3"
"md","api-request","tea","tea/workflows/testarch/bmad-testarch-automate/resources/knowledge/api-request.md","d14f6e26151c48424d60cde5db81c0ffc8ec72eaf3357f27b4e137f222a4c4e3"
"md","api-request","tea","tea/workflows/testarch/bmad-testarch-ci/resources/knowledge/api-request.md","d14f6e26151c48424d60cde5db81c0ffc8ec72eaf3357f27b4e137f222a4c4e3"
"md","api-request","tea","tea/workflows/testarch/bmad-testarch-framework/resources/knowledge/api-request.md","d14f6e26151c48424d60cde5db81c0ffc8ec72eaf3357f27b4e137f222a4c4e3"
"md","api-request","tea","tea/workflows/testarch/bmad-testarch-nfr/resources/knowledge/api-request.md","d14f6e26151c48424d60cde5db81c0ffc8ec72eaf3357f27b4e137f222a4c4e3"
"md","api-request","tea","tea/workflows/testarch/bmad-testarch-test-design/resources/knowledge/api-request.md","d14f6e26151c48424d60cde5db81c0ffc8ec72eaf3357f27b4e137f222a4c4e3"
"md","api-request","tea","tea/workflows/testarch/bmad-testarch-test-review/resources/knowledge/api-request.md","d14f6e26151c48424d60cde5db81c0ffc8ec72eaf3357f27b4e137f222a4c4e3"
"md","api-request","tea","tea/workflows/testarch/bmad-testarch-trace/resources/knowledge/api-request.md","d14f6e26151c48424d60cde5db81c0ffc8ec72eaf3357f27b4e137f222a4c4e3"
"md","api-testing-patterns","tea","tea/agents/bmad-tea/resources/knowledge/api-testing-patterns.md","4b1b7069737d4916853f1393d1cd804ce7061454ad250fb919046a78b77c2648"
"md","api-testing-patterns","tea","tea/workflows/testarch/bmad-testarch-atdd/resources/knowledge/api-testing-patterns.md","4b1b7069737d4916853f1393d1cd804ce7061454ad250fb919046a78b77c2648"
"md","api-testing-patterns","tea","tea/workflows/testarch/bmad-testarch-automate/resources/knowledge/api-testing-patterns.md","4b1b7069737d4916853f1393d1cd804ce7061454ad250fb919046a78b77c2648"
"md","api-testing-patterns","tea","tea/workflows/testarch/bmad-testarch-ci/resources/knowledge/api-testing-patterns.md","4b1b7069737d4916853f1393d1cd804ce7061454ad250fb919046a78b77c2648"
"md","api-testing-patterns","tea","tea/workflows/testarch/bmad-testarch-framework/resources/knowledge/api-testing-patterns.md","4b1b7069737d4916853f1393d1cd804ce7061454ad250fb919046a78b77c2648"
"md","api-testing-patterns","tea","tea/workflows/testarch/bmad-testarch-nfr/resources/knowledge/api-testing-patterns.md","4b1b7069737d4916853f1393d1cd804ce7061454ad250fb919046a78b77c2648"
"md","api-testing-patterns","tea","tea/workflows/testarch/bmad-testarch-test-design/resources/knowledge/api-testing-patterns.md","4b1b7069737d4916853f1393d1cd804ce7061454ad250fb919046a78b77c2648"
"md","api-testing-patterns","tea","tea/workflows/testarch/bmad-testarch-test-review/resources/knowledge/api-testing-patterns.md","4b1b7069737d4916853f1393d1cd804ce7061454ad250fb919046a78b77c2648"
"md","api-testing-patterns","tea","tea/workflows/testarch/bmad-testarch-trace/resources/knowledge/api-testing-patterns.md","4b1b7069737d4916853f1393d1cd804ce7061454ad250fb919046a78b77c2648"
"md","atdd-checklist-template","tea","tea/workflows/testarch/bmad-testarch-atdd/atdd-checklist-template.md","0e3bf28e90ebed75da01fd5a02101cf535333ddd641871c434c68455bbdeede7"
"md","auth-session","tea","tea/agents/bmad-tea/resources/knowledge/auth-session.md","2b3de2a9468caf85f0e47ba9d79b142f424b6c10e3a342c264f1cf73d2f70ddc"
"md","auth-session","tea","tea/workflows/testarch/bmad-testarch-atdd/resources/knowledge/auth-session.md","2b3de2a9468caf85f0e47ba9d79b142f424b6c10e3a342c264f1cf73d2f70ddc"
"md","auth-session","tea","tea/workflows/testarch/bmad-testarch-automate/resources/knowledge/auth-session.md","2b3de2a9468caf85f0e47ba9d79b142f424b6c10e3a342c264f1cf73d2f70ddc"
"md","auth-session","tea","tea/workflows/testarch/bmad-testarch-ci/resources/knowledge/auth-session.md","2b3de2a9468caf85f0e47ba9d79b142f424b6c10e3a342c264f1cf73d2f70ddc"
"md","auth-session","tea","tea/workflows/testarch/bmad-testarch-framework/resources/knowledge/auth-session.md","2b3de2a9468caf85f0e47ba9d79b142f424b6c10e3a342c264f1cf73d2f70ddc"
"md","auth-session","tea","tea/workflows/testarch/bmad-testarch-nfr/resources/knowledge/auth-session.md","2b3de2a9468caf85f0e47ba9d79b142f424b6c10e3a342c264f1cf73d2f70ddc"
"md","auth-session","tea","tea/workflows/testarch/bmad-testarch-test-design/resources/knowledge/auth-session.md","2b3de2a9468caf85f0e47ba9d79b142f424b6c10e3a342c264f1cf73d2f70ddc"
"md","auth-session","tea","tea/workflows/testarch/bmad-testarch-test-review/resources/knowledge/auth-session.md","2b3de2a9468caf85f0e47ba9d79b142f424b6c10e3a342c264f1cf73d2f70ddc"
"md","auth-session","tea","tea/workflows/testarch/bmad-testarch-trace/resources/knowledge/auth-session.md","2b3de2a9468caf85f0e47ba9d79b142f424b6c10e3a342c264f1cf73d2f70ddc"
"md","burn-in","tea","tea/agents/bmad-tea/resources/knowledge/burn-in.md","5ba3d2abe6b961e5bc3948ab165e801195bff3ee6e66569c00c219b484aa4b5d"
"md","burn-in","tea","tea/workflows/testarch/bmad-testarch-atdd/resources/knowledge/burn-in.md","5ba3d2abe6b961e5bc3948ab165e801195bff3ee6e66569c00c219b484aa4b5d"
"md","burn-in","tea","tea/workflows/testarch/bmad-testarch-automate/resources/knowledge/burn-in.md","5ba3d2abe6b961e5bc3948ab165e801195bff3ee6e66569c00c219b484aa4b5d"
"md","burn-in","tea","tea/workflows/testarch/bmad-testarch-ci/resources/knowledge/burn-in.md","5ba3d2abe6b961e5bc3948ab165e801195bff3ee6e66569c00c219b484aa4b5d"
"md","burn-in","tea","tea/workflows/testarch/bmad-testarch-framework/resources/knowledge/burn-in.md","5ba3d2abe6b961e5bc3948ab165e801195bff3ee6e66569c00c219b484aa4b5d"
"md","burn-in","tea","tea/workflows/testarch/bmad-testarch-nfr/resources/knowledge/burn-in.md","5ba3d2abe6b961e5bc3948ab165e801195bff3ee6e66569c00c219b484aa4b5d"
"md","burn-in","tea","tea/workflows/testarch/bmad-testarch-test-design/resources/knowledge/burn-in.md","5ba3d2abe6b961e5bc3948ab165e801195bff3ee6e66569c00c219b484aa4b5d"
"md","burn-in","tea","tea/workflows/testarch/bmad-testarch-test-review/resources/knowledge/burn-in.md","5ba3d2abe6b961e5bc3948ab165e801195bff3ee6e66569c00c219b484aa4b5d"
"md","burn-in","tea","tea/workflows/testarch/bmad-testarch-trace/resources/knowledge/burn-in.md","5ba3d2abe6b961e5bc3948ab165e801195bff3ee6e66569c00c219b484aa4b5d"
"md","certificate-template","tea","tea/workflows/testarch/bmad-teach-me-testing/templates/certificate-template.md","a487c7b81896030eca7541019d680d5ef0a69a446ce26d7285a88110d8ee270d"
"md","checklist","tea","tea/workflows/testarch/bmad-teach-me-testing/checklist.md","76e2c99181613e83a5e11337bd607fe1365fef18a5d249767d56351be7fc4098"
"md","checklist","tea","tea/workflows/testarch/bmad-testarch-atdd/checklist.md","3e4eced6eef7b926ca48b81f6bace068f00db4f9a299469d6a841f90671b4b15"
"md","checklist","tea","tea/workflows/testarch/bmad-testarch-automate/checklist.md","cd132e3d4cf6e8164d0483e3f4abaa47e3ae81684d15673868a09de8d66fe94f"
"md","checklist","tea","tea/workflows/testarch/bmad-testarch-ci/checklist.md","a8b45cb926b53b6e16419db396c6f4c21aafb9a4022698971bcbd8622e805037"
"md","checklist","tea","tea/workflows/testarch/bmad-testarch-framework/checklist.md","d882289c2e7217fea3fba03c6824a52a5c3a850094345ae8bdcec7c1088a661f"
"md","checklist","tea","tea/workflows/testarch/bmad-testarch-nfr/checklist.md","166514f484d856d3ecf67c22af666f9c7c806a77f0b503e35fa0960ca8fb6470"
"md","checklist","tea","tea/workflows/testarch/bmad-testarch-test-design/checklist.md","7b4aa0862112166437f1b4342b1d42da962d475c0bc40237d4ed2bb545e3095e"
"md","checklist","tea","tea/workflows/testarch/bmad-testarch-test-review/checklist.md","20b715a53d54aa2cbe341c5ebe678a77269812e6270ca161a27331b46f9bb5e7"
"md","checklist","tea","tea/workflows/testarch/bmad-testarch-trace/checklist.md","b2a024cd86cc9f4132a4d32f5991212ec8a95bca780ebe867d529981c76e3ec5"
"md","ci-burn-in","tea","tea/agents/bmad-tea/resources/knowledge/ci-burn-in.md","cc9ca53c62b910872e399ec1d378542e211e70563ddbce9aba84af253e0c74ac"
"md","ci-burn-in","tea","tea/workflows/testarch/bmad-testarch-atdd/resources/knowledge/ci-burn-in.md","cc9ca53c62b910872e399ec1d378542e211e70563ddbce9aba84af253e0c74ac"
"md","ci-burn-in","tea","tea/workflows/testarch/bmad-testarch-automate/resources/knowledge/ci-burn-in.md","cc9ca53c62b910872e399ec1d378542e211e70563ddbce9aba84af253e0c74ac"
"md","ci-burn-in","tea","tea/workflows/testarch/bmad-testarch-ci/resources/knowledge/ci-burn-in.md","cc9ca53c62b910872e399ec1d378542e211e70563ddbce9aba84af253e0c74ac"
"md","ci-burn-in","tea","tea/workflows/testarch/bmad-testarch-framework/resources/knowledge/ci-burn-in.md","cc9ca53c62b910872e399ec1d378542e211e70563ddbce9aba84af253e0c74ac"
"md","ci-burn-in","tea","tea/workflows/testarch/bmad-testarch-nfr/resources/knowledge/ci-burn-in.md","cc9ca53c62b910872e399ec1d378542e211e70563ddbce9aba84af253e0c74ac"
"md","ci-burn-in","tea","tea/workflows/testarch/bmad-testarch-test-design/resources/knowledge/ci-burn-in.md","cc9ca53c62b910872e399ec1d378542e211e70563ddbce9aba84af253e0c74ac"
"md","ci-burn-in","tea","tea/workflows/testarch/bmad-testarch-test-review/resources/knowledge/ci-burn-in.md","cc9ca53c62b910872e399ec1d378542e211e70563ddbce9aba84af253e0c74ac"
"md","ci-burn-in","tea","tea/workflows/testarch/bmad-testarch-trace/resources/knowledge/ci-burn-in.md","cc9ca53c62b910872e399ec1d378542e211e70563ddbce9aba84af253e0c74ac"
"md","component-tdd","tea","tea/agents/bmad-tea/resources/knowledge/component-tdd.md","88bd1f9ca1d5bcd1552828845fe80b86ff3acdf071bac574eda744caf7120ef8"
"md","component-tdd","tea","tea/workflows/testarch/bmad-testarch-atdd/resources/knowledge/component-tdd.md","88bd1f9ca1d5bcd1552828845fe80b86ff3acdf071bac574eda744caf7120ef8"
"md","component-tdd","tea","tea/workflows/testarch/bmad-testarch-automate/resources/knowledge/component-tdd.md","88bd1f9ca1d5bcd1552828845fe80b86ff3acdf071bac574eda744caf7120ef8"
"md","component-tdd","tea","tea/workflows/testarch/bmad-testarch-ci/resources/knowledge/component-tdd.md","88bd1f9ca1d5bcd1552828845fe80b86ff3acdf071bac574eda744caf7120ef8"
"md","component-tdd","tea","tea/workflows/testarch/bmad-testarch-framework/resources/knowledge/component-tdd.md","88bd1f9ca1d5bcd1552828845fe80b86ff3acdf071bac574eda744caf7120ef8"
"md","component-tdd","tea","tea/workflows/testarch/bmad-testarch-nfr/resources/knowledge/component-tdd.md","88bd1f9ca1d5bcd1552828845fe80b86ff3acdf071bac574eda744caf7120ef8"
"md","component-tdd","tea","tea/workflows/testarch/bmad-testarch-test-design/resources/knowledge/component-tdd.md","88bd1f9ca1d5bcd1552828845fe80b86ff3acdf071bac574eda744caf7120ef8"
"md","component-tdd","tea","tea/workflows/testarch/bmad-testarch-test-review/resources/knowledge/component-tdd.md","88bd1f9ca1d5bcd1552828845fe80b86ff3acdf071bac574eda744caf7120ef8"
"md","component-tdd","tea","tea/workflows/testarch/bmad-testarch-trace/resources/knowledge/component-tdd.md","88bd1f9ca1d5bcd1552828845fe80b86ff3acdf071bac574eda744caf7120ef8"
"md","confidence-gate","tea","tea/agents/bmad-tea/resources/knowledge/confidence-gate.md","7f1efe0240565332e0c0cecf62e2ef1882ef8d800b9be64a6f622cee9a8fdfab"
"md","contract-testing","tea","tea/agents/bmad-tea/resources/knowledge/contract-testing.md","c24a50e9be90ac6d4c4abf7cc676530fad554af2fcdfcca7345636113cdcee49"
"md","contract-testing","tea","tea/workflows/testarch/bmad-testarch-atdd/resources/knowledge/contract-testing.md","a8bef6764ab76e4141705c0fb2f88671e07fe54d1fe70e4c972c1e491f436c8a"
"md","contract-testing","tea","tea/workflows/testarch/bmad-testarch-automate/resources/knowledge/contract-testing.md","4aabf869866b48642e80534e7ac68681b95cf143e57ea7f88379f106689208d5"
"md","contract-testing","tea","tea/workflows/testarch/bmad-testarch-ci/resources/knowledge/contract-testing.md","4aabf869866b48642e80534e7ac68681b95cf143e57ea7f88379f106689208d5"
"md","contract-testing","tea","tea/workflows/testarch/bmad-testarch-framework/resources/knowledge/contract-testing.md","4aabf869866b48642e80534e7ac68681b95cf143e57ea7f88379f106689208d5"
"md","contract-testing","tea","tea/workflows/testarch/bmad-testarch-nfr/resources/knowledge/contract-testing.md","4aabf869866b48642e80534e7ac68681b95cf143e57ea7f88379f106689208d5"
"md","contract-testing","tea","tea/workflows/testarch/bmad-testarch-test-design/resources/knowledge/contract-testing.md","4aabf869866b48642e80534e7ac68681b95cf143e57ea7f88379f106689208d5"
"md","contract-testing","tea","tea/workflows/testarch/bmad-testarch-test-review/resources/knowledge/contract-testing.md","4aabf869866b48642e80534e7ac68681b95cf143e57ea7f88379f106689208d5"
"md","contract-testing","tea","tea/workflows/testarch/bmad-testarch-trace/resources/knowledge/contract-testing.md","4aabf869866b48642e80534e7ac68681b95cf143e57ea7f88379f106689208d5"
"md","criteria-registry","tea","tea/workflows/testarch/bmad-testarch-test-review/steps-c/criteria-registry.md","d91769c932e03596e6fd6056dbc7d73e96b25a00bc65c24ba900b5843d517b4c"
"md","data-factories","tea","tea/agents/bmad-tea/resources/knowledge/data-factories.md","d7428fe7675da02b6f5c4c03213fc5e542063f61ab033efb47c1c5669b835d88"
"md","data-factories","tea","tea/workflows/testarch/bmad-testarch-atdd/resources/knowledge/data-factories.md","d7428fe7675da02b6f5c4c03213fc5e542063f61ab033efb47c1c5669b835d88"
"md","data-factories","tea","tea/workflows/testarch/bmad-testarch-automate/resources/knowledge/data-factories.md","d7428fe7675da02b6f5c4c03213fc5e542063f61ab033efb47c1c5669b835d88"
"md","data-factories","tea","tea/workflows/testarch/bmad-testarch-ci/resources/knowledge/data-factories.md","d7428fe7675da02b6f5c4c03213fc5e542063f61ab033efb47c1c5669b835d88"
"md","data-factories","tea","tea/workflows/testarch/bmad-testarch-framework/resources/knowledge/data-factories.md","d7428fe7675da02b6f5c4c03213fc5e542063f61ab033efb47c1c5669b835d88"
"md","data-factories","tea","tea/workflows/testarch/bmad-testarch-nfr/resources/knowledge/data-factories.md","d7428fe7675da02b6f5c4c03213fc5e542063f61ab033efb47c1c5669b835d88"
"md","data-factories","tea","tea/workflows/testarch/bmad-testarch-test-design/resources/knowledge/data-factories.md","d7428fe7675da02b6f5c4c03213fc5e542063f61ab033efb47c1c5669b835d88"
"md","data-factories","tea","tea/workflows/testarch/bmad-testarch-test-review/resources/knowledge/data-factories.md","d7428fe7675da02b6f5c4c03213fc5e542063f61ab033efb47c1c5669b835d88"
"md","data-factories","tea","tea/workflows/testarch/bmad-testarch-trace/resources/knowledge/data-factories.md","d7428fe7675da02b6f5c4c03213fc5e542063f61ab033efb47c1c5669b835d88"
"md","email-auth","tea","tea/agents/bmad-tea/resources/knowledge/email-auth.md","43f4cc3138a905a91f4a69f358be6664a790b192811b4dfc238188e826f6b41b"
"md","email-auth","tea","tea/workflows/testarch/bmad-testarch-atdd/resources/knowledge/email-auth.md","43f4cc3138a905a91f4a69f358be6664a790b192811b4dfc238188e826f6b41b"
"md","email-auth","tea","tea/workflows/testarch/bmad-testarch-automate/resources/knowledge/email-auth.md","43f4cc3138a905a91f4a69f358be6664a790b192811b4dfc238188e826f6b41b"
"md","email-auth","tea","tea/workflows/testarch/bmad-testarch-ci/resources/knowledge/email-auth.md","43f4cc3138a905a91f4a69f358be6664a790b192811b4dfc238188e826f6b41b"
"md","email-auth","tea","tea/workflows/testarch/bmad-testarch-framework/resources/knowledge/email-auth.md","43f4cc3138a905a91f4a69f358be6664a790b192811b4dfc238188e826f6b41b"
"md","email-auth","tea","tea/workflows/testarch/bmad-testarch-nfr/resources/knowledge/email-auth.md","43f4cc3138a905a91f4a69f358be6664a790b192811b4dfc238188e826f6b41b"
"md","email-auth","tea","tea/workflows/testarch/bmad-testarch-test-design/resources/knowledge/email-auth.md","43f4cc3138a905a91f4a69f358be6664a790b192811b4dfc238188e826f6b41b"
"md","email-auth","tea","tea/workflows/testarch/bmad-testarch-test-review/resources/knowledge/email-auth.md","43f4cc3138a905a91f4a69f358be6664a790b192811b4dfc238188e826f6b41b"
"md","email-auth","tea","tea/workflows/testarch/bmad-testarch-trace/resources/knowledge/email-auth.md","43f4cc3138a905a91f4a69f358be6664a790b192811b4dfc238188e826f6b41b"
"md","error-handling","tea","tea/agents/bmad-tea/resources/knowledge/error-handling.md","38975ebe2655b4d85035d8e740aef63fdef63dc31f9acf530142788060f62153"
"md","error-handling","tea","tea/workflows/testarch/bmad-testarch-atdd/resources/knowledge/error-handling.md","38975ebe2655b4d85035d8e740aef63fdef63dc31f9acf530142788060f62153"
"md","error-handling","tea","tea/workflows/testarch/bmad-testarch-automate/resources/knowledge/error-handling.md","38975ebe2655b4d85035d8e740aef63fdef63dc31f9acf530142788060f62153"
"md","error-handling","tea","tea/workflows/testarch/bmad-testarch-ci/resources/knowledge/error-handling.md","38975ebe2655b4d85035d8e740aef63fdef63dc31f9acf530142788060f62153"
"md","error-handling","tea","tea/workflows/testarch/bmad-testarch-framework/resources/knowledge/error-handling.md","38975ebe2655b4d85035d8e740aef63fdef63dc31f9acf530142788060f62153"
"md","error-handling","tea","tea/workflows/testarch/bmad-testarch-nfr/resources/knowledge/error-handling.md","38975ebe2655b4d85035d8e740aef63fdef63dc31f9acf530142788060f62153"
"md","error-handling","tea","tea/workflows/testarch/bmad-testarch-test-design/resources/knowledge/error-handling.md","38975ebe2655b4d85035d8e740aef63fdef63dc31f9acf530142788060f62153"
"md","error-handling","tea","tea/workflows/testarch/bmad-testarch-test-review/resources/knowledge/error-handling.md","38975ebe2655b4d85035d8e740aef63fdef63dc31f9acf530142788060f62153"
"md","error-handling","tea","tea/workflows/testarch/bmad-testarch-trace/resources/knowledge/error-handling.md","38975ebe2655b4d85035d8e740aef63fdef63dc31f9acf530142788060f62153"
"md","feature-flags","tea","tea/agents/bmad-tea/resources/knowledge/feature-flags.md","5b3cf037169719e69d468ff2ecfc94711bc41fd3e330c6f81a404163bb09fdba"
"md","feature-flags","tea","tea/workflows/testarch/bmad-testarch-atdd/resources/knowledge/feature-flags.md","5b3cf037169719e69d468ff2ecfc94711bc41fd3e330c6f81a404163bb09fdba"
"md","feature-flags","tea","tea/workflows/testarch/bmad-testarch-automate/resources/knowledge/feature-flags.md","5b3cf037169719e69d468ff2ecfc94711bc41fd3e330c6f81a404163bb09fdba"
"md","feature-flags","tea","tea/workflows/testarch/bmad-testarch-ci/resources/knowledge/feature-flags.md","5b3cf037169719e69d468ff2ecfc94711bc41fd3e330c6f81a404163bb09fdba"
"md","feature-flags","tea","tea/workflows/testarch/bmad-testarch-framework/resources/knowledge/feature-flags.md","5b3cf037169719e69d468ff2ecfc94711bc41fd3e330c6f81a404163bb09fdba"
"md","feature-flags","tea","tea/workflows/testarch/bmad-testarch-nfr/resources/knowledge/feature-flags.md","5b3cf037169719e69d468ff2ecfc94711bc41fd3e330c6f81a404163bb09fdba"
"md","feature-flags","tea","tea/workflows/testarch/bmad-testarch-test-design/resources/knowledge/feature-flags.md","5b3cf037169719e69d468ff2ecfc94711bc41fd3e330c6f81a404163bb09fdba"
"md","feature-flags","tea","tea/workflows/testarch/bmad-testarch-test-review/resources/knowledge/feature-flags.md","5b3cf037169719e69d468ff2ecfc94711bc41fd3e330c6f81a404163bb09fdba"
"md","feature-flags","tea","tea/workflows/testarch/bmad-testarch-trace/resources/knowledge/feature-flags.md","5b3cf037169719e69d468ff2ecfc94711bc41fd3e330c6f81a404163bb09fdba"
"md","file-utils","tea","tea/agents/bmad-tea/resources/knowledge/file-utils.md","7d1092930118fb160b9c0a4a48c398d9b08bb909d1e2432662d8e81e1e3b0087"
"md","file-utils","tea","tea/workflows/testarch/bmad-testarch-atdd/resources/knowledge/file-utils.md","7d1092930118fb160b9c0a4a48c398d9b08bb909d1e2432662d8e81e1e3b0087"
"md","file-utils","tea","tea/workflows/testarch/bmad-testarch-automate/resources/knowledge/file-utils.md","7d1092930118fb160b9c0a4a48c398d9b08bb909d1e2432662d8e81e1e3b0087"
"md","file-utils","tea","tea/workflows/testarch/bmad-testarch-ci/resources/knowledge/file-utils.md","7d1092930118fb160b9c0a4a48c398d9b08bb909d1e2432662d8e81e1e3b0087"
"md","file-utils","tea","tea/workflows/testarch/bmad-testarch-framework/resources/knowledge/file-utils.md","7d1092930118fb160b9c0a4a48c398d9b08bb909d1e2432662d8e81e1e3b0087"
"md","file-utils","tea","tea/workflows/testarch/bmad-testarch-nfr/resources/knowledge/file-utils.md","7d1092930118fb160b9c0a4a48c398d9b08bb909d1e2432662d8e81e1e3b0087"
"md","file-utils","tea","tea/workflows/testarch/bmad-testarch-test-design/resources/knowledge/file-utils.md","7d1092930118fb160b9c0a4a48c398d9b08bb909d1e2432662d8e81e1e3b0087"
"md","file-utils","tea","tea/workflows/testarch/bmad-testarch-test-review/resources/knowledge/file-utils.md","7d1092930118fb160b9c0a4a48c398d9b08bb909d1e2432662d8e81e1e3b0087"
"md","file-utils","tea","tea/workflows/testarch/bmad-testarch-trace/resources/knowledge/file-utils.md","7d1092930118fb160b9c0a4a48c398d9b08bb909d1e2432662d8e81e1e3b0087"
"md","fixture-architecture","tea","tea/agents/bmad-tea/resources/knowledge/fixture-architecture.md","c0c62381e7a0385fe0d8b59861a3756994d3bbc673e4605ded9607d5217c7e55"
"md","fixture-architecture","tea","tea/workflows/testarch/bmad-testarch-atdd/resources/knowledge/fixture-architecture.md","c0c62381e7a0385fe0d8b59861a3756994d3bbc673e4605ded9607d5217c7e55"
"md","fixture-architecture","tea","tea/workflows/testarch/bmad-testarch-automate/resources/knowledge/fixture-architecture.md","c0c62381e7a0385fe0d8b59861a3756994d3bbc673e4605ded9607d5217c7e55"
"md","fixture-architecture","tea","tea/workflows/testarch/bmad-testarch-ci/resources/knowledge/fixture-architecture.md","c0c62381e7a0385fe0d8b59861a3756994d3bbc673e4605ded9607d5217c7e55"
"md","fixture-architecture","tea","tea/workflows/testarch/bmad-testarch-framework/resources/knowledge/fixture-architecture.md","c0c62381e7a0385fe0d8b59861a3756994d3bbc673e4605ded9607d5217c7e55"
"md","fixture-architecture","tea","tea/workflows/testarch/bmad-testarch-nfr/resources/knowledge/fixture-architecture.md","c0c62381e7a0385fe0d8b59861a3756994d3bbc673e4605ded9607d5217c7e55"
"md","fixture-architecture","tea","tea/workflows/testarch/bmad-testarch-test-design/resources/knowledge/fixture-architecture.md","c0c62381e7a0385fe0d8b59861a3756994d3bbc673e4605ded9607d5217c7e55"
"md","fixture-architecture","tea","tea/workflows/testarch/bmad-testarch-test-review/resources/knowledge/fixture-architecture.md","c0c62381e7a0385fe0d8b59861a3756994d3bbc673e4605ded9607d5217c7e55"
"md","fixture-architecture","tea","tea/workflows/testarch/bmad-testarch-trace/resources/knowledge/fixture-architecture.md","c0c62381e7a0385fe0d8b59861a3756994d3bbc673e4605ded9607d5217c7e55"
"md","fixtures-composition","tea","tea/agents/bmad-tea/resources/knowledge/fixtures-composition.md","8e57a897663a272fd603026aeec76941543c1e09d129e377846726fd405f3a5a"
"md","fixtures-composition","tea","tea/workflows/testarch/bmad-testarch-atdd/resources/knowledge/fixtures-composition.md","8e57a897663a272fd603026aeec76941543c1e09d129e377846726fd405f3a5a"
"md","fixtures-composition","tea","tea/workflows/testarch/bmad-testarch-automate/resources/knowledge/fixtures-composition.md","8e57a897663a272fd603026aeec76941543c1e09d129e377846726fd405f3a5a"
"md","fixtures-composition","tea","tea/workflows/testarch/bmad-testarch-ci/resources/knowledge/fixtures-composition.md","8e57a897663a272fd603026aeec76941543c1e09d129e377846726fd405f3a5a"
"md","fixtures-composition","tea","tea/workflows/testarch/bmad-testarch-framework/resources/knowledge/fixtures-composition.md","8e57a897663a272fd603026aeec76941543c1e09d129e377846726fd405f3a5a"
"md","fixtures-composition","tea","tea/workflows/testarch/bmad-testarch-nfr/resources/knowledge/fixtures-composition.md","8e57a897663a272fd603026aeec76941543c1e09d129e377846726fd405f3a5a"
"md","fixtures-composition","tea","tea/workflows/testarch/bmad-testarch-test-design/resources/knowledge/fixtures-composition.md","8e57a897663a272fd603026aeec76941543c1e09d129e377846726fd405f3a5a"
"md","fixtures-composition","tea","tea/workflows/testarch/bmad-testarch-test-review/resources/knowledge/fixtures-composition.md","8e57a897663a272fd603026aeec76941543c1e09d129e377846726fd405f3a5a"
"md","fixtures-composition","tea","tea/workflows/testarch/bmad-testarch-trace/resources/knowledge/fixtures-composition.md","8e57a897663a272fd603026aeec76941543c1e09d129e377846726fd405f3a5a"
"md","instructions","tea","tea/workflows/testarch/bmad-teach-me-testing/instructions.md","bfbed3132991d422ef3d1d7194d410fb30d0c61e7e66c3349a4374de0d7b71e3"
"md","instructions","tea","tea/workflows/testarch/bmad-testarch-atdd/instructions.md","930807db5daa3a366fa9c5644a99ebae8018dce5c15fe87a6bc85506fff141bb"
"md","instructions","tea","tea/workflows/testarch/bmad-testarch-automate/instructions.md","75fa59f76165af6a4279e4a39c754b97dbd9ce17eec6b71672d126edec974d51"
"md","instructions","tea","tea/workflows/testarch/bmad-testarch-ci/instructions.md","cd8905705533b59d860b40bcac0f1f2769369ede753a2ca91fe722e6f7b42cdc"
"md","instructions","tea","tea/workflows/testarch/bmad-testarch-framework/instructions.md","767733b4bbfcd8d1da152fa4daec859d4a4966a1df862a25369fba0d58fac7c5"
"md","instructions","tea","tea/workflows/testarch/bmad-testarch-nfr/instructions.md","e1b76e269125ddbf076c31101795a9f097f6cc38305dac0a0df280549eff1700"
"md","instructions","tea","tea/workflows/testarch/bmad-testarch-test-design/instructions.md","642ee8fa5895afa818894df00227e49cc7692ac4f6b2453bc5f9e9bb66ec6a7d"
"md","instructions","tea","tea/workflows/testarch/bmad-testarch-test-review/instructions.md","8011cbde48324b8c072b05d5cb8ec48e2dd69a1390560f38a5fbcb9f1786e38b"
"md","instructions","tea","tea/workflows/testarch/bmad-testarch-trace/instructions.md","e2ba1137a3beb1be685e2282a431ceab2edcf71191992b75a11752099e8d52b3"
"md","intercept-network-call","tea","tea/agents/bmad-tea/resources/knowledge/intercept-network-call.md","ac8213cc28a9f9c452a6fb419356dd1d66ce495d7f29d188fcb1bb51456ba869"
"md","intercept-network-call","tea","tea/workflows/testarch/bmad-testarch-atdd/resources/knowledge/intercept-network-call.md","ac8213cc28a9f9c452a6fb419356dd1d66ce495d7f29d188fcb1bb51456ba869"
"md","intercept-network-call","tea","tea/workflows/testarch/bmad-testarch-automate/resources/knowledge/intercept-network-call.md","ac8213cc28a9f9c452a6fb419356dd1d66ce495d7f29d188fcb1bb51456ba869"
"md","intercept-network-call","tea","tea/workflows/testarch/bmad-testarch-ci/resources/knowledge/intercept-network-call.md","ac8213cc28a9f9c452a6fb419356dd1d66ce495d7f29d188fcb1bb51456ba869"
"md","intercept-network-call","tea","tea/workflows/testarch/bmad-testarch-framework/resources/knowledge/intercept-network-call.md","ac8213cc28a9f9c452a6fb419356dd1d66ce495d7f29d188fcb1bb51456ba869"
"md","intercept-network-call","tea","tea/workflows/testarch/bmad-testarch-nfr/resources/knowledge/intercept-network-call.md","ac8213cc28a9f9c452a6fb419356dd1d66ce495d7f29d188fcb1bb51456ba869"
"md","intercept-network-call","tea","tea/workflows/testarch/bmad-testarch-test-design/resources/knowledge/intercept-network-call.md","ac8213cc28a9f9c452a6fb419356dd1d66ce495d7f29d188fcb1bb51456ba869"
"md","intercept-network-call","tea","tea/workflows/testarch/bmad-testarch-test-review/resources/knowledge/intercept-network-call.md","ac8213cc28a9f9c452a6fb419356dd1d66ce495d7f29d188fcb1bb51456ba869"
"md","intercept-network-call","tea","tea/workflows/testarch/bmad-testarch-trace/resources/knowledge/intercept-network-call.md","ac8213cc28a9f9c452a6fb419356dd1d66ce495d7f29d188fcb1bb51456ba869"
"md","log","tea","tea/agents/bmad-tea/resources/knowledge/log.md","54b09992275e1ab361bf109b342a7d487cbb5bafa4e9cc48b320a1a5eb11857f"
"md","log","tea","tea/workflows/testarch/bmad-testarch-atdd/resources/knowledge/log.md","54b09992275e1ab361bf109b342a7d487cbb5bafa4e9cc48b320a1a5eb11857f"
"md","log","tea","tea/workflows/testarch/bmad-testarch-automate/resources/knowledge/log.md","54b09992275e1ab361bf109b342a7d487cbb5bafa4e9cc48b320a1a5eb11857f"
"md","log","tea","tea/workflows/testarch/bmad-testarch-ci/resources/knowledge/log.md","54b09992275e1ab361bf109b342a7d487cbb5bafa4e9cc48b320a1a5eb11857f"
"md","log","tea","tea/workflows/testarch/bmad-testarch-framework/resources/knowledge/log.md","54b09992275e1ab361bf109b342a7d487cbb5bafa4e9cc48b320a1a5eb11857f"
"md","log","tea","tea/workflows/testarch/bmad-testarch-nfr/resources/knowledge/log.md","54b09992275e1ab361bf109b342a7d487cbb5bafa4e9cc48b320a1a5eb11857f"
"md","log","tea","tea/workflows/testarch/bmad-testarch-test-design/resources/knowledge/log.md","54b09992275e1ab361bf109b342a7d487cbb5bafa4e9cc48b320a1a5eb11857f"
"md","log","tea","tea/workflows/testarch/bmad-testarch-test-review/resources/knowledge/log.md","54b09992275e1ab361bf109b342a7d487cbb5bafa4e9cc48b320a1a5eb11857f"
"md","log","tea","tea/workflows/testarch/bmad-testarch-trace/resources/knowledge/log.md","54b09992275e1ab361bf109b342a7d487cbb5bafa4e9cc48b320a1a5eb11857f"
"md","network-error-monitor","tea","tea/agents/bmad-tea/resources/knowledge/network-error-monitor.md","c9041fd4af8162580a12c7adad79fdf7539fae7d6717fe7dace05e851c1b734c"
"md","network-error-monitor","tea","tea/workflows/testarch/bmad-testarch-atdd/resources/knowledge/network-error-monitor.md","c9041fd4af8162580a12c7adad79fdf7539fae7d6717fe7dace05e851c1b734c"
"md","network-error-monitor","tea","tea/workflows/testarch/bmad-testarch-automate/resources/knowledge/network-error-monitor.md","c9041fd4af8162580a12c7adad79fdf7539fae7d6717fe7dace05e851c1b734c"
"md","network-error-monitor","tea","tea/workflows/testarch/bmad-testarch-ci/resources/knowledge/network-error-monitor.md","c9041fd4af8162580a12c7adad79fdf7539fae7d6717fe7dace05e851c1b734c"
"md","network-error-monitor","tea","tea/workflows/testarch/bmad-testarch-framework/resources/knowledge/network-error-monitor.md","c9041fd4af8162580a12c7adad79fdf7539fae7d6717fe7dace05e851c1b734c"
"md","network-error-monitor","tea","tea/workflows/testarch/bmad-testarch-nfr/resources/knowledge/network-error-monitor.md","c9041fd4af8162580a12c7adad79fdf7539fae7d6717fe7dace05e851c1b734c"
"md","network-error-monitor","tea","tea/workflows/testarch/bmad-testarch-test-design/resources/knowledge/network-error-monitor.md","c9041fd4af8162580a12c7adad79fdf7539fae7d6717fe7dace05e851c1b734c"
"md","network-error-monitor","tea","tea/workflows/testarch/bmad-testarch-test-review/resources/knowledge/network-error-monitor.md","c9041fd4af8162580a12c7adad79fdf7539fae7d6717fe7dace05e851c1b734c"
"md","network-error-monitor","tea","tea/workflows/testarch/bmad-testarch-trace/resources/knowledge/network-error-monitor.md","c9041fd4af8162580a12c7adad79fdf7539fae7d6717fe7dace05e851c1b734c"
"md","network-first","tea","tea/agents/bmad-tea/resources/knowledge/network-first.md","2920e58e145626f5505bcb75e263dbd0e6ac79a8c4c2ec138f5329e06a6ac014"
"md","network-first","tea","tea/workflows/testarch/bmad-testarch-atdd/resources/knowledge/network-first.md","2920e58e145626f5505bcb75e263dbd0e6ac79a8c4c2ec138f5329e06a6ac014"
"md","network-first","tea","tea/workflows/testarch/bmad-testarch-automate/resources/knowledge/network-first.md","2920e58e145626f5505bcb75e263dbd0e6ac79a8c4c2ec138f5329e06a6ac014"
"md","network-first","tea","tea/workflows/testarch/bmad-testarch-ci/resources/knowledge/network-first.md","2920e58e145626f5505bcb75e263dbd0e6ac79a8c4c2ec138f5329e06a6ac014"
"md","network-first","tea","tea/workflows/testarch/bmad-testarch-framework/resources/knowledge/network-first.md","2920e58e145626f5505bcb75e263dbd0e6ac79a8c4c2ec138f5329e06a6ac014"
"md","network-first","tea","tea/workflows/testarch/bmad-testarch-nfr/resources/knowledge/network-first.md","2920e58e145626f5505bcb75e263dbd0e6ac79a8c4c2ec138f5329e06a6ac014"
"md","network-first","tea","tea/workflows/testarch/bmad-testarch-test-design/resources/knowledge/network-first.md","2920e58e145626f5505bcb75e263dbd0e6ac79a8c4c2ec138f5329e06a6ac014"
"md","network-first","tea","tea/workflows/testarch/bmad-testarch-test-review/resources/knowledge/network-first.md","2920e58e145626f5505bcb75e263dbd0e6ac79a8c4c2ec138f5329e06a6ac014"
"md","network-first","tea","tea/workflows/testarch/bmad-testarch-trace/resources/knowledge/network-first.md","2920e58e145626f5505bcb75e263dbd0e6ac79a8c4c2ec138f5329e06a6ac014"
"md","network-recorder","tea","tea/agents/bmad-tea/resources/knowledge/network-recorder.md","6ae5ee35a9f1816dc4bf7c4573f6be931a16567d697ff463867819cc39a3268d"
"md","network-recorder","tea","tea/workflows/testarch/bmad-testarch-atdd/resources/knowledge/network-recorder.md","6ae5ee35a9f1816dc4bf7c4573f6be931a16567d697ff463867819cc39a3268d"
"md","network-recorder","tea","tea/workflows/testarch/bmad-testarch-automate/resources/knowledge/network-recorder.md","6ae5ee35a9f1816dc4bf7c4573f6be931a16567d697ff463867819cc39a3268d"
"md","network-recorder","tea","tea/workflows/testarch/bmad-testarch-ci/resources/knowledge/network-recorder.md","6ae5ee35a9f1816dc4bf7c4573f6be931a16567d697ff463867819cc39a3268d"
"md","network-recorder","tea","tea/workflows/testarch/bmad-testarch-framework/resources/knowledge/network-recorder.md","6ae5ee35a9f1816dc4bf7c4573f6be931a16567d697ff463867819cc39a3268d"
"md","network-recorder","tea","tea/workflows/testarch/bmad-testarch-nfr/resources/knowledge/network-recorder.md","6ae5ee35a9f1816dc4bf7c4573f6be931a16567d697ff463867819cc39a3268d"
"md","network-recorder","tea","tea/workflows/testarch/bmad-testarch-test-design/resources/knowledge/network-recorder.md","6ae5ee35a9f1816dc4bf7c4573f6be931a16567d697ff463867819cc39a3268d"
"md","network-recorder","tea","tea/workflows/testarch/bmad-testarch-test-review/resources/knowledge/network-recorder.md","6ae5ee35a9f1816dc4bf7c4573f6be931a16567d697ff463867819cc39a3268d"
"md","network-recorder","tea","tea/workflows/testarch/bmad-testarch-trace/resources/knowledge/network-recorder.md","6ae5ee35a9f1816dc4bf7c4573f6be931a16567d697ff463867819cc39a3268d"
"md","nfr-criteria","tea","tea/agents/bmad-tea/resources/knowledge/nfr-criteria.md","e63cee4a0193e4858c8f70ff33a497a1b97d13a69da66f60ed5c9a9853025aa1"
"md","nfr-criteria","tea","tea/workflows/testarch/bmad-testarch-atdd/resources/knowledge/nfr-criteria.md","e63cee4a0193e4858c8f70ff33a497a1b97d13a69da66f60ed5c9a9853025aa1"
"md","nfr-criteria","tea","tea/workflows/testarch/bmad-testarch-automate/resources/knowledge/nfr-criteria.md","e63cee4a0193e4858c8f70ff33a497a1b97d13a69da66f60ed5c9a9853025aa1"
"md","nfr-criteria","tea","tea/workflows/testarch/bmad-testarch-ci/resources/knowledge/nfr-criteria.md","e63cee4a0193e4858c8f70ff33a497a1b97d13a69da66f60ed5c9a9853025aa1"
"md","nfr-criteria","tea","tea/workflows/testarch/bmad-testarch-framework/resources/knowledge/nfr-criteria.md","e63cee4a0193e4858c8f70ff33a497a1b97d13a69da66f60ed5c9a9853025aa1"
"md","nfr-criteria","tea","tea/workflows/testarch/bmad-testarch-nfr/resources/knowledge/nfr-criteria.md","e63cee4a0193e4858c8f70ff33a497a1b97d13a69da66f60ed5c9a9853025aa1"
"md","nfr-criteria","tea","tea/workflows/testarch/bmad-testarch-test-design/resources/knowledge/nfr-criteria.md","e63cee4a0193e4858c8f70ff33a497a1b97d13a69da66f60ed5c9a9853025aa1"
"md","nfr-criteria","tea","tea/workflows/testarch/bmad-testarch-test-review/resources/knowledge/nfr-criteria.md","e63cee4a0193e4858c8f70ff33a497a1b97d13a69da66f60ed5c9a9853025aa1"
"md","nfr-criteria","tea","tea/workflows/testarch/bmad-testarch-trace/resources/knowledge/nfr-criteria.md","e63cee4a0193e4858c8f70ff33a497a1b97d13a69da66f60ed5c9a9853025aa1"
"md","nfr-report-template","tea","tea/workflows/testarch/bmad-testarch-nfr/nfr-report-template.md","bac4dd1fa28cf23fbe8018baf703f8faf82012577ab39c49b0dbdcda9062aeb0"
"md","overview","tea","tea/agents/bmad-tea/resources/knowledge/overview.md","25ca75c93fbcef398c7ec7a201ece881f6f3a15f86cfc0a19a04b90a2c6dddbf"
"md","overview","tea","tea/workflows/testarch/bmad-testarch-atdd/resources/knowledge/overview.md","25ca75c93fbcef398c7ec7a201ece881f6f3a15f86cfc0a19a04b90a2c6dddbf"
"md","overview","tea","tea/workflows/testarch/bmad-testarch-automate/resources/knowledge/overview.md","25ca75c93fbcef398c7ec7a201ece881f6f3a15f86cfc0a19a04b90a2c6dddbf"
"md","overview","tea","tea/workflows/testarch/bmad-testarch-ci/resources/knowledge/overview.md","25ca75c93fbcef398c7ec7a201ece881f6f3a15f86cfc0a19a04b90a2c6dddbf"
"md","overview","tea","tea/workflows/testarch/bmad-testarch-framework/resources/knowledge/overview.md","25ca75c93fbcef398c7ec7a201ece881f6f3a15f86cfc0a19a04b90a2c6dddbf"
"md","overview","tea","tea/workflows/testarch/bmad-testarch-nfr/resources/knowledge/overview.md","25ca75c93fbcef398c7ec7a201ece881f6f3a15f86cfc0a19a04b90a2c6dddbf"
"md","overview","tea","tea/workflows/testarch/bmad-testarch-test-design/resources/knowledge/overview.md","25ca75c93fbcef398c7ec7a201ece881f6f3a15f86cfc0a19a04b90a2c6dddbf"
"md","overview","tea","tea/workflows/testarch/bmad-testarch-test-review/resources/knowledge/overview.md","25ca75c93fbcef398c7ec7a201ece881f6f3a15f86cfc0a19a04b90a2c6dddbf"
"md","overview","tea","tea/workflows/testarch/bmad-testarch-trace/resources/knowledge/overview.md","25ca75c93fbcef398c7ec7a201ece881f6f3a15f86cfc0a19a04b90a2c6dddbf"
"md","pact-broker-webhooks","tea","tea/agents/bmad-tea/resources/knowledge/pact-broker-webhooks.md","95711c413d4adad6e2b88d16e9ecdc96d11ed018b510195d0633f1ea31bfeabb"
"md","pact-broker-webhooks","tea","tea/workflows/testarch/bmad-testarch-atdd/resources/knowledge/pact-broker-webhooks.md","95711c413d4adad6e2b88d16e9ecdc96d11ed018b510195d0633f1ea31bfeabb"
"md","pact-broker-webhooks","tea","tea/workflows/testarch/bmad-testarch-automate/resources/knowledge/pact-broker-webhooks.md","95711c413d4adad6e2b88d16e9ecdc96d11ed018b510195d0633f1ea31bfeabb"
"md","pact-broker-webhooks","tea","tea/workflows/testarch/bmad-testarch-ci/resources/knowledge/pact-broker-webhooks.md","95711c413d4adad6e2b88d16e9ecdc96d11ed018b510195d0633f1ea31bfeabb"
"md","pact-broker-webhooks","tea","tea/workflows/testarch/bmad-testarch-framework/resources/knowledge/pact-broker-webhooks.md","95711c413d4adad6e2b88d16e9ecdc96d11ed018b510195d0633f1ea31bfeabb"
"md","pact-broker-webhooks","tea","tea/workflows/testarch/bmad-testarch-nfr/resources/knowledge/pact-broker-webhooks.md","95711c413d4adad6e2b88d16e9ecdc96d11ed018b510195d0633f1ea31bfeabb"
"md","pact-broker-webhooks","tea","tea/workflows/testarch/bmad-testarch-test-design/resources/knowledge/pact-broker-webhooks.md","95711c413d4adad6e2b88d16e9ecdc96d11ed018b510195d0633f1ea31bfeabb"
"md","pact-broker-webhooks","tea","tea/workflows/testarch/bmad-testarch-test-review/resources/knowledge/pact-broker-webhooks.md","95711c413d4adad6e2b88d16e9ecdc96d11ed018b510195d0633f1ea31bfeabb"
"md","pact-broker-webhooks","tea","tea/workflows/testarch/bmad-testarch-trace/resources/knowledge/pact-broker-webhooks.md","95711c413d4adad6e2b88d16e9ecdc96d11ed018b510195d0633f1ea31bfeabb"
"md","pact-consumer-di","tea","tea/agents/bmad-tea/resources/knowledge/pact-consumer-di.md","c3883f65512dcebb78e611d9091fb8091f211b098685adb81719faefa365d793"
"md","pact-consumer-di","tea","tea/workflows/testarch/bmad-testarch-atdd/resources/knowledge/pact-consumer-di.md","c3883f65512dcebb78e611d9091fb8091f211b098685adb81719faefa365d793"
"md","pact-consumer-di","tea","tea/workflows/testarch/bmad-testarch-automate/resources/knowledge/pact-consumer-di.md","c3883f65512dcebb78e611d9091fb8091f211b098685adb81719faefa365d793"
"md","pact-consumer-di","tea","tea/workflows/testarch/bmad-testarch-ci/resources/knowledge/pact-consumer-di.md","c3883f65512dcebb78e611d9091fb8091f211b098685adb81719faefa365d793"
"md","pact-consumer-di","tea","tea/workflows/testarch/bmad-testarch-framework/resources/knowledge/pact-consumer-di.md","c3883f65512dcebb78e611d9091fb8091f211b098685adb81719faefa365d793"
"md","pact-consumer-di","tea","tea/workflows/testarch/bmad-testarch-nfr/resources/knowledge/pact-consumer-di.md","c3883f65512dcebb78e611d9091fb8091f211b098685adb81719faefa365d793"
"md","pact-consumer-di","tea","tea/workflows/testarch/bmad-testarch-test-design/resources/knowledge/pact-consumer-di.md","c3883f65512dcebb78e611d9091fb8091f211b098685adb81719faefa365d793"
"md","pact-consumer-di","tea","tea/workflows/testarch/bmad-testarch-test-review/resources/knowledge/pact-consumer-di.md","c3883f65512dcebb78e611d9091fb8091f211b098685adb81719faefa365d793"
"md","pact-consumer-di","tea","tea/workflows/testarch/bmad-testarch-trace/resources/knowledge/pact-consumer-di.md","c3883f65512dcebb78e611d9091fb8091f211b098685adb81719faefa365d793"
"md","pact-consumer-framework-setup","tea","tea/agents/bmad-tea/resources/knowledge/pact-consumer-framework-setup.md","9eec9245f42a162580e07012d081d08983727fd504d2b01ee7d5bfb791c4b117"
"md","pact-consumer-framework-setup","tea","tea/workflows/testarch/bmad-testarch-atdd/resources/knowledge/pact-consumer-framework-setup.md","2f21f70dcfb07b5851e0e9ed69fee1476bfc8ed4f61ffe0711cb14123166299f"
"md","pact-consumer-framework-setup","tea","tea/workflows/testarch/bmad-testarch-automate/resources/knowledge/pact-consumer-framework-setup.md","2f21f70dcfb07b5851e0e9ed69fee1476bfc8ed4f61ffe0711cb14123166299f"
"md","pact-consumer-framework-setup","tea","tea/workflows/testarch/bmad-testarch-ci/resources/knowledge/pact-consumer-framework-setup.md","2f21f70dcfb07b5851e0e9ed69fee1476bfc8ed4f61ffe0711cb14123166299f"
"md","pact-consumer-framework-setup","tea","tea/workflows/testarch/bmad-testarch-framework/resources/knowledge/pact-consumer-framework-setup.md","2f21f70dcfb07b5851e0e9ed69fee1476bfc8ed4f61ffe0711cb14123166299f"
"md","pact-consumer-framework-setup","tea","tea/workflows/testarch/bmad-testarch-nfr/resources/knowledge/pact-consumer-framework-setup.md","2f21f70dcfb07b5851e0e9ed69fee1476bfc8ed4f61ffe0711cb14123166299f"
"md","pact-consumer-framework-setup","tea","tea/workflows/testarch/bmad-testarch-test-design/resources/knowledge/pact-consumer-framework-setup.md","2f21f70dcfb07b5851e0e9ed69fee1476bfc8ed4f61ffe0711cb14123166299f"
"md","pact-consumer-framework-setup","tea","tea/workflows/testarch/bmad-testarch-test-review/resources/knowledge/pact-consumer-framework-setup.md","2f21f70dcfb07b5851e0e9ed69fee1476bfc8ed4f61ffe0711cb14123166299f"
"md","pact-consumer-framework-setup","tea","tea/workflows/testarch/bmad-testarch-trace/resources/knowledge/pact-consumer-framework-setup.md","2f21f70dcfb07b5851e0e9ed69fee1476bfc8ed4f61ffe0711cb14123166299f"
"md","pact-mcp","tea","tea/agents/bmad-tea/resources/knowledge/pact-mcp.md","32bb4ab96d2ff069e99790277184770b5ce3e0ae98a41e0e191c241a73cbb70a"
"md","pact-mcp","tea","tea/workflows/testarch/bmad-testarch-atdd/resources/knowledge/pact-mcp.md","32bb4ab96d2ff069e99790277184770b5ce3e0ae98a41e0e191c241a73cbb70a"
"md","pact-mcp","tea","tea/workflows/testarch/bmad-testarch-automate/resources/knowledge/pact-mcp.md","32bb4ab96d2ff069e99790277184770b5ce3e0ae98a41e0e191c241a73cbb70a"
"md","pact-mcp","tea","tea/workflows/testarch/bmad-testarch-ci/resources/knowledge/pact-mcp.md","32bb4ab96d2ff069e99790277184770b5ce3e0ae98a41e0e191c241a73cbb70a"
"md","pact-mcp","tea","tea/workflows/testarch/bmad-testarch-framework/resources/knowledge/pact-mcp.md","32bb4ab96d2ff069e99790277184770b5ce3e0ae98a41e0e191c241a73cbb70a"
"md","pact-mcp","tea","tea/workflows/testarch/bmad-testarch-nfr/resources/knowledge/pact-mcp.md","32bb4ab96d2ff069e99790277184770b5ce3e0ae98a41e0e191c241a73cbb70a"
"md","pact-mcp","tea","tea/workflows/testarch/bmad-testarch-test-design/resources/knowledge/pact-mcp.md","32bb4ab96d2ff069e99790277184770b5ce3e0ae98a41e0e191c241a73cbb70a"
"md","pact-mcp","tea","tea/workflows/testarch/bmad-testarch-test-review/resources/knowledge/pact-mcp.md","32bb4ab96d2ff069e99790277184770b5ce3e0ae98a41e0e191c241a73cbb70a"
"md","pact-mcp","tea","tea/workflows/testarch/bmad-testarch-trace/resources/knowledge/pact-mcp.md","32bb4ab96d2ff069e99790277184770b5ce3e0ae98a41e0e191c241a73cbb70a"
"md","pactjs-utils-consumer-helpers","tea","tea/agents/bmad-tea/resources/knowledge/pactjs-utils-consumer-helpers.md","82c21a71ea7cfafb4bb4c4d74eb83cb4134b7ca93aeae626a9b79868b3d621c9"
"md","pactjs-utils-consumer-helpers","tea","tea/workflows/testarch/bmad-testarch-atdd/resources/knowledge/pactjs-utils-consumer-helpers.md","711e7fccb866d3cda0566fa42948b73e1ff9a8aa63ab190fa8727182e9e92d87"
"md","pactjs-utils-consumer-helpers","tea","tea/workflows/testarch/bmad-testarch-automate/resources/knowledge/pactjs-utils-consumer-helpers.md","711e7fccb866d3cda0566fa42948b73e1ff9a8aa63ab190fa8727182e9e92d87"
"md","pactjs-utils-consumer-helpers","tea","tea/workflows/testarch/bmad-testarch-ci/resources/knowledge/pactjs-utils-consumer-helpers.md","711e7fccb866d3cda0566fa42948b73e1ff9a8aa63ab190fa8727182e9e92d87"
"md","pactjs-utils-consumer-helpers","tea","tea/workflows/testarch/bmad-testarch-framework/resources/knowledge/pactjs-utils-consumer-helpers.md","711e7fccb866d3cda0566fa42948b73e1ff9a8aa63ab190fa8727182e9e92d87"
"md","pactjs-utils-consumer-helpers","tea","tea/workflows/testarch/bmad-testarch-nfr/resources/knowledge/pactjs-utils-consumer-helpers.md","711e7fccb866d3cda0566fa42948b73e1ff9a8aa63ab190fa8727182e9e92d87"
"md","pactjs-utils-consumer-helpers","tea","tea/workflows/testarch/bmad-testarch-test-design/resources/knowledge/pactjs-utils-consumer-helpers.md","711e7fccb866d3cda0566fa42948b73e1ff9a8aa63ab190fa8727182e9e92d87"
"md","pactjs-utils-consumer-helpers","tea","tea/workflows/testarch/bmad-testarch-test-review/resources/knowledge/pactjs-utils-consumer-helpers.md","711e7fccb866d3cda0566fa42948b73e1ff9a8aa63ab190fa8727182e9e92d87"
"md","pactjs-utils-consumer-helpers","tea","tea/workflows/testarch/bmad-testarch-trace/resources/knowledge/pactjs-utils-consumer-helpers.md","711e7fccb866d3cda0566fa42948b73e1ff9a8aa63ab190fa8727182e9e92d87"
"md","pactjs-utils-overview","tea","tea/agents/bmad-tea/resources/knowledge/pactjs-utils-overview.md","16eb089189d1544c821f582b8776716c1c3ecd3e6044ccbc9a4984d3515e1b52"
"md","pactjs-utils-overview","tea","tea/workflows/testarch/bmad-testarch-atdd/resources/knowledge/pactjs-utils-overview.md","16eb089189d1544c821f582b8776716c1c3ecd3e6044ccbc9a4984d3515e1b52"
"md","pactjs-utils-overview","tea","tea/workflows/testarch/bmad-testarch-automate/resources/knowledge/pactjs-utils-overview.md","64fcf26c2d5c7c183c8d7a83ed20d1f1857182724cfed5e92318dadb1b258584"
"md","pactjs-utils-overview","tea","tea/workflows/testarch/bmad-testarch-ci/resources/knowledge/pactjs-utils-overview.md","64fcf26c2d5c7c183c8d7a83ed20d1f1857182724cfed5e92318dadb1b258584"
"md","pactjs-utils-overview","tea","tea/workflows/testarch/bmad-testarch-framework/resources/knowledge/pactjs-utils-overview.md","64fcf26c2d5c7c183c8d7a83ed20d1f1857182724cfed5e92318dadb1b258584"
"md","pactjs-utils-overview","tea","tea/workflows/testarch/bmad-testarch-nfr/resources/knowledge/pactjs-utils-overview.md","64fcf26c2d5c7c183c8d7a83ed20d1f1857182724cfed5e92318dadb1b258584"
"md","pactjs-utils-overview","tea","tea/workflows/testarch/bmad-testarch-test-design/resources/knowledge/pactjs-utils-overview.md","64fcf26c2d5c7c183c8d7a83ed20d1f1857182724cfed5e92318dadb1b258584"
"md","pactjs-utils-overview","tea","tea/workflows/testarch/bmad-testarch-test-review/resources/knowledge/pactjs-utils-overview.md","64fcf26c2d5c7c183c8d7a83ed20d1f1857182724cfed5e92318dadb1b258584"
"md","pactjs-utils-overview","tea","tea/workflows/testarch/bmad-testarch-trace/resources/knowledge/pactjs-utils-overview.md","64fcf26c2d5c7c183c8d7a83ed20d1f1857182724cfed5e92318dadb1b258584"
"md","pactjs-utils-provider-verifier","tea","tea/agents/bmad-tea/resources/knowledge/pactjs-utils-provider-verifier.md","4f5e306ededf8c9d2de9023fb6db115298a4fe2d70f934054c2f717115235bbb"
"md","pactjs-utils-provider-verifier","tea","tea/workflows/testarch/bmad-testarch-atdd/resources/knowledge/pactjs-utils-provider-verifier.md","e3a651fbcb6e705685477bfdcc8f7d0ca747a6bdbc9a6051f32f538c48c1a160"
"md","pactjs-utils-provider-verifier","tea","tea/workflows/testarch/bmad-testarch-automate/resources/knowledge/pactjs-utils-provider-verifier.md","e3a651fbcb6e705685477bfdcc8f7d0ca747a6bdbc9a6051f32f538c48c1a160"
"md","pactjs-utils-provider-verifier","tea","tea/workflows/testarch/bmad-testarch-ci/resources/knowledge/pactjs-utils-provider-verifier.md","e3a651fbcb6e705685477bfdcc8f7d0ca747a6bdbc9a6051f32f538c48c1a160"
"md","pactjs-utils-provider-verifier","tea","tea/workflows/testarch/bmad-testarch-framework/resources/knowledge/pactjs-utils-provider-verifier.md","e3a651fbcb6e705685477bfdcc8f7d0ca747a6bdbc9a6051f32f538c48c1a160"
"md","pactjs-utils-provider-verifier","tea","tea/workflows/testarch/bmad-testarch-nfr/resources/knowledge/pactjs-utils-provider-verifier.md","e3a651fbcb6e705685477bfdcc8f7d0ca747a6bdbc9a6051f32f538c48c1a160"
"md","pactjs-utils-provider-verifier","tea","tea/workflows/testarch/bmad-testarch-test-design/resources/knowledge/pactjs-utils-provider-verifier.md","e3a651fbcb6e705685477bfdcc8f7d0ca747a6bdbc9a6051f32f538c48c1a160"
"md","pactjs-utils-provider-verifier","tea","tea/workflows/testarch/bmad-testarch-test-review/resources/knowledge/pactjs-utils-provider-verifier.md","e3a651fbcb6e705685477bfdcc8f7d0ca747a6bdbc9a6051f32f538c48c1a160"
"md","pactjs-utils-provider-verifier","tea","tea/workflows/testarch/bmad-testarch-trace/resources/knowledge/pactjs-utils-provider-verifier.md","e3a651fbcb6e705685477bfdcc8f7d0ca747a6bdbc9a6051f32f538c48c1a160"
"md","pactjs-utils-request-filter","tea","tea/agents/bmad-tea/resources/knowledge/pactjs-utils-request-filter.md","6f900300880f2544511436fa68c24268b3b28e0498af6dc43c848047a3cbff18"
"md","pactjs-utils-request-filter","tea","tea/workflows/testarch/bmad-testarch-atdd/resources/knowledge/pactjs-utils-request-filter.md","6f900300880f2544511436fa68c24268b3b28e0498af6dc43c848047a3cbff18"
"md","pactjs-utils-request-filter","tea","tea/workflows/testarch/bmad-testarch-automate/resources/knowledge/pactjs-utils-request-filter.md","6f900300880f2544511436fa68c24268b3b28e0498af6dc43c848047a3cbff18"
"md","pactjs-utils-request-filter","tea","tea/workflows/testarch/bmad-testarch-ci/resources/knowledge/pactjs-utils-request-filter.md","6f900300880f2544511436fa68c24268b3b28e0498af6dc43c848047a3cbff18"
"md","pactjs-utils-request-filter","tea","tea/workflows/testarch/bmad-testarch-framework/resources/knowledge/pactjs-utils-request-filter.md","6f900300880f2544511436fa68c24268b3b28e0498af6dc43c848047a3cbff18"
"md","pactjs-utils-request-filter","tea","tea/workflows/testarch/bmad-testarch-nfr/resources/knowledge/pactjs-utils-request-filter.md","6f900300880f2544511436fa68c24268b3b28e0498af6dc43c848047a3cbff18"
"md","pactjs-utils-request-filter","tea","tea/workflows/testarch/bmad-testarch-test-design/resources/knowledge/pactjs-utils-request-filter.md","6f900300880f2544511436fa68c24268b3b28e0498af6dc43c848047a3cbff18"
"md","pactjs-utils-request-filter","tea","tea/workflows/testarch/bmad-testarch-test-review/resources/knowledge/pactjs-utils-request-filter.md","6f900300880f2544511436fa68c24268b3b28e0498af6dc43c848047a3cbff18"
"md","pactjs-utils-request-filter","tea","tea/workflows/testarch/bmad-testarch-trace/resources/knowledge/pactjs-utils-request-filter.md","6f900300880f2544511436fa68c24268b3b28e0498af6dc43c848047a3cbff18"
"md","pactjs-utils-zod-to-pact","tea","tea/agents/bmad-tea/resources/knowledge/pactjs-utils-zod-to-pact.md","a02b0859122ef4f720818ea78a149799202d0baf7852936f05a2f5d0c49935a8"
"md","pactjs-utils-zod-to-pact","tea","tea/workflows/testarch/bmad-testarch-atdd/resources/knowledge/pactjs-utils-zod-to-pact.md","a02b0859122ef4f720818ea78a149799202d0baf7852936f05a2f5d0c49935a8"
"md","playwright-cli","tea","tea/agents/bmad-tea/resources/knowledge/playwright-cli.md","f0aaff215a5da05d900c7f6d1eef70a3ea97637788ac37aadf5779ec24d91c09"
"md","playwright-cli","tea","tea/workflows/testarch/bmad-testarch-atdd/resources/knowledge/playwright-cli.md","f0aaff215a5da05d900c7f6d1eef70a3ea97637788ac37aadf5779ec24d91c09"
"md","playwright-cli","tea","tea/workflows/testarch/bmad-testarch-automate/resources/knowledge/playwright-cli.md","f0aaff215a5da05d900c7f6d1eef70a3ea97637788ac37aadf5779ec24d91c09"
"md","playwright-cli","tea","tea/workflows/testarch/bmad-testarch-ci/resources/knowledge/playwright-cli.md","f0aaff215a5da05d900c7f6d1eef70a3ea97637788ac37aadf5779ec24d91c09"
"md","playwright-cli","tea","tea/workflows/testarch/bmad-testarch-framework/resources/knowledge/playwright-cli.md","f0aaff215a5da05d900c7f6d1eef70a3ea97637788ac37aadf5779ec24d91c09"
"md","playwright-cli","tea","tea/workflows/testarch/bmad-testarch-nfr/resources/knowledge/playwright-cli.md","f0aaff215a5da05d900c7f6d1eef70a3ea97637788ac37aadf5779ec24d91c09"
"md","playwright-cli","tea","tea/workflows/testarch/bmad-testarch-test-design/resources/knowledge/playwright-cli.md","f0aaff215a5da05d900c7f6d1eef70a3ea97637788ac37aadf5779ec24d91c09"
"md","playwright-cli","tea","tea/workflows/testarch/bmad-testarch-test-review/resources/knowledge/playwright-cli.md","f0aaff215a5da05d900c7f6d1eef70a3ea97637788ac37aadf5779ec24d91c09"
"md","playwright-cli","tea","tea/workflows/testarch/bmad-testarch-trace/resources/knowledge/playwright-cli.md","f0aaff215a5da05d900c7f6d1eef70a3ea97637788ac37aadf5779ec24d91c09"
"md","playwright-config","tea","tea/agents/bmad-tea/resources/knowledge/playwright-config.md","6f7cbf42be005165f68d50090bf0e86227cd401b8e0119ad9e65e7cb2a05644e"
"md","playwright-config","tea","tea/workflows/testarch/bmad-testarch-atdd/resources/knowledge/playwright-config.md","6f7cbf42be005165f68d50090bf0e86227cd401b8e0119ad9e65e7cb2a05644e"
"md","playwright-config","tea","tea/workflows/testarch/bmad-testarch-automate/resources/knowledge/playwright-config.md","6f7cbf42be005165f68d50090bf0e86227cd401b8e0119ad9e65e7cb2a05644e"
"md","playwright-config","tea","tea/workflows/testarch/bmad-testarch-ci/resources/knowledge/playwright-config.md","6f7cbf42be005165f68d50090bf0e86227cd401b8e0119ad9e65e7cb2a05644e"
"md","playwright-config","tea","tea/workflows/testarch/bmad-testarch-framework/resources/knowledge/playwright-config.md","6f7cbf42be005165f68d50090bf0e86227cd401b8e0119ad9e65e7cb2a05644e"
"md","playwright-config","tea","tea/workflows/testarch/bmad-testarch-nfr/resources/knowledge/playwright-config.md","6f7cbf42be005165f68d50090bf0e86227cd401b8e0119ad9e65e7cb2a05644e"
"md","playwright-config","tea","tea/workflows/testarch/bmad-testarch-test-design/resources/knowledge/playwright-config.md","6f7cbf42be005165f68d50090bf0e86227cd401b8e0119ad9e65e7cb2a05644e"
"md","playwright-config","tea","tea/workflows/testarch/bmad-testarch-test-review/resources/knowledge/playwright-config.md","6f7cbf42be005165f68d50090bf0e86227cd401b8e0119ad9e65e7cb2a05644e"
"md","playwright-config","tea","tea/workflows/testarch/bmad-testarch-trace/resources/knowledge/playwright-config.md","6f7cbf42be005165f68d50090bf0e86227cd401b8e0119ad9e65e7cb2a05644e"
"md","probability-impact","tea","tea/agents/bmad-tea/resources/knowledge/probability-impact.md","446dba0caa1eb162734514f35366f8c38ed3666528b0b5e16c7f03fd3c537d0f"
"md","probability-impact","tea","tea/workflows/testarch/bmad-testarch-atdd/resources/knowledge/probability-impact.md","446dba0caa1eb162734514f35366f8c38ed3666528b0b5e16c7f03fd3c537d0f"
"md","probability-impact","tea","tea/workflows/testarch/bmad-testarch-automate/resources/knowledge/probability-impact.md","446dba0caa1eb162734514f35366f8c38ed3666528b0b5e16c7f03fd3c537d0f"
"md","probability-impact","tea","tea/workflows/testarch/bmad-testarch-ci/resources/knowledge/probability-impact.md","446dba0caa1eb162734514f35366f8c38ed3666528b0b5e16c7f03fd3c537d0f"
"md","probability-impact","tea","tea/workflows/testarch/bmad-testarch-framework/resources/knowledge/probability-impact.md","446dba0caa1eb162734514f35366f8c38ed3666528b0b5e16c7f03fd3c537d0f"
"md","probability-impact","tea","tea/workflows/testarch/bmad-testarch-nfr/resources/knowledge/probability-impact.md","446dba0caa1eb162734514f35366f8c38ed3666528b0b5e16c7f03fd3c537d0f"
"md","probability-impact","tea","tea/workflows/testarch/bmad-testarch-test-design/resources/knowledge/probability-impact.md","446dba0caa1eb162734514f35366f8c38ed3666528b0b5e16c7f03fd3c537d0f"
"md","probability-impact","tea","tea/workflows/testarch/bmad-testarch-test-review/resources/knowledge/probability-impact.md","446dba0caa1eb162734514f35366f8c38ed3666528b0b5e16c7f03fd3c537d0f"
"md","probability-impact","tea","tea/workflows/testarch/bmad-testarch-trace/resources/knowledge/probability-impact.md","446dba0caa1eb162734514f35366f8c38ed3666528b0b5e16c7f03fd3c537d0f"
"md","recurse","tea","tea/agents/bmad-tea/resources/knowledge/recurse.md","7937897b8d8fd74ab647634fb549ba9344e86d39f9a705e8731a7531e51ad726"
"md","recurse","tea","tea/workflows/testarch/bmad-testarch-atdd/resources/knowledge/recurse.md","7937897b8d8fd74ab647634fb549ba9344e86d39f9a705e8731a7531e51ad726"
"md","recurse","tea","tea/workflows/testarch/bmad-testarch-automate/resources/knowledge/recurse.md","7937897b8d8fd74ab647634fb549ba9344e86d39f9a705e8731a7531e51ad726"
"md","recurse","tea","tea/workflows/testarch/bmad-testarch-ci/resources/knowledge/recurse.md","7937897b8d8fd74ab647634fb549ba9344e86d39f9a705e8731a7531e51ad726"
"md","recurse","tea","tea/workflows/testarch/bmad-testarch-framework/resources/knowledge/recurse.md","7937897b8d8fd74ab647634fb549ba9344e86d39f9a705e8731a7531e51ad726"
"md","recurse","tea","tea/workflows/testarch/bmad-testarch-nfr/resources/knowledge/recurse.md","7937897b8d8fd74ab647634fb549ba9344e86d39f9a705e8731a7531e51ad726"
"md","recurse","tea","tea/workflows/testarch/bmad-testarch-test-design/resources/knowledge/recurse.md","7937897b8d8fd74ab647634fb549ba9344e86d39f9a705e8731a7531e51ad726"
"md","recurse","tea","tea/workflows/testarch/bmad-testarch-test-review/resources/knowledge/recurse.md","7937897b8d8fd74ab647634fb549ba9344e86d39f9a705e8731a7531e51ad726"
"md","recurse","tea","tea/workflows/testarch/bmad-testarch-trace/resources/knowledge/recurse.md","7937897b8d8fd74ab647634fb549ba9344e86d39f9a705e8731a7531e51ad726"
"md","risk-governance","tea","tea/agents/bmad-tea/resources/knowledge/risk-governance.md","500482561420c9f2caad2eb92e5c503208adaa5ab952a317359556b3f11376f1"
"md","risk-governance","tea","tea/workflows/testarch/bmad-testarch-atdd/resources/knowledge/risk-governance.md","500482561420c9f2caad2eb92e5c503208adaa5ab952a317359556b3f11376f1"
"md","risk-governance","tea","tea/workflows/testarch/bmad-testarch-automate/resources/knowledge/risk-governance.md","500482561420c9f2caad2eb92e5c503208adaa5ab952a317359556b3f11376f1"
"md","risk-governance","tea","tea/workflows/testarch/bmad-testarch-ci/resources/knowledge/risk-governance.md","500482561420c9f2caad2eb92e5c503208adaa5ab952a317359556b3f11376f1"
"md","risk-governance","tea","tea/workflows/testarch/bmad-testarch-framework/resources/knowledge/risk-governance.md","500482561420c9f2caad2eb92e5c503208adaa5ab952a317359556b3f11376f1"
"md","risk-governance","tea","tea/workflows/testarch/bmad-testarch-nfr/resources/knowledge/risk-governance.md","500482561420c9f2caad2eb92e5c503208adaa5ab952a317359556b3f11376f1"
"md","risk-governance","tea","tea/workflows/testarch/bmad-testarch-test-design/resources/knowledge/risk-governance.md","500482561420c9f2caad2eb92e5c503208adaa5ab952a317359556b3f11376f1"
"md","risk-governance","tea","tea/workflows/testarch/bmad-testarch-test-review/resources/knowledge/risk-governance.md","500482561420c9f2caad2eb92e5c503208adaa5ab952a317359556b3f11376f1"
"md","risk-governance","tea","tea/workflows/testarch/bmad-testarch-trace/resources/knowledge/risk-governance.md","500482561420c9f2caad2eb92e5c503208adaa5ab952a317359556b3f11376f1"
"md","selective-testing","tea","tea/agents/bmad-tea/resources/knowledge/selective-testing.md","060651774648174fdbff0fe7b858bd81d7c3bce8ee5a53ed7c1ba56e4dd4bbe0"
"md","selective-testing","tea","tea/workflows/testarch/bmad-testarch-atdd/resources/knowledge/selective-testing.md","060651774648174fdbff0fe7b858bd81d7c3bce8ee5a53ed7c1ba56e4dd4bbe0"
"md","selective-testing","tea","tea/workflows/testarch/bmad-testarch-automate/resources/knowledge/selective-testing.md","060651774648174fdbff0fe7b858bd81d7c3bce8ee5a53ed7c1ba56e4dd4bbe0"
"md","selective-testing","tea","tea/workflows/testarch/bmad-testarch-ci/resources/knowledge/selective-testing.md","060651774648174fdbff0fe7b858bd81d7c3bce8ee5a53ed7c1ba56e4dd4bbe0"
"md","selective-testing","tea","tea/workflows/testarch/bmad-testarch-framework/resources/knowledge/selective-testing.md","060651774648174fdbff0fe7b858bd81d7c3bce8ee5a53ed7c1ba56e4dd4bbe0"
"md","selective-testing","tea","tea/workflows/testarch/bmad-testarch-nfr/resources/knowledge/selective-testing.md","060651774648174fdbff0fe7b858bd81d7c3bce8ee5a53ed7c1ba56e4dd4bbe0"
"md","selective-testing","tea","tea/workflows/testarch/bmad-testarch-test-design/resources/knowledge/selective-testing.md","060651774648174fdbff0fe7b858bd81d7c3bce8ee5a53ed7c1ba56e4dd4bbe0"
"md","selective-testing","tea","tea/workflows/testarch/bmad-testarch-test-review/resources/knowledge/selective-testing.md","060651774648174fdbff0fe7b858bd81d7c3bce8ee5a53ed7c1ba56e4dd4bbe0"
"md","selective-testing","tea","tea/workflows/testarch/bmad-testarch-trace/resources/knowledge/selective-testing.md","060651774648174fdbff0fe7b858bd81d7c3bce8ee5a53ed7c1ba56e4dd4bbe0"
"md","selector-resilience","tea","tea/agents/bmad-tea/resources/knowledge/selector-resilience.md","a55c25a340f1cd10811802665754a3f4eab0c82868fea61fea9cc61aa47ac179"
"md","selector-resilience","tea","tea/workflows/testarch/bmad-testarch-atdd/resources/knowledge/selector-resilience.md","a55c25a340f1cd10811802665754a3f4eab0c82868fea61fea9cc61aa47ac179"
"md","selector-resilience","tea","tea/workflows/testarch/bmad-testarch-automate/resources/knowledge/selector-resilience.md","a55c25a340f1cd10811802665754a3f4eab0c82868fea61fea9cc61aa47ac179"
"md","selector-resilience","tea","tea/workflows/testarch/bmad-testarch-ci/resources/knowledge/selector-resilience.md","a55c25a340f1cd10811802665754a3f4eab0c82868fea61fea9cc61aa47ac179"
"md","selector-resilience","tea","tea/workflows/testarch/bmad-testarch-framework/resources/knowledge/selector-resilience.md","a55c25a340f1cd10811802665754a3f4eab0c82868fea61fea9cc61aa47ac179"
"md","selector-resilience","tea","tea/workflows/testarch/bmad-testarch-nfr/resources/knowledge/selector-resilience.md","a55c25a340f1cd10811802665754a3f4eab0c82868fea61fea9cc61aa47ac179"
"md","selector-resilience","tea","tea/workflows/testarch/bmad-testarch-test-design/resources/knowledge/selector-resilience.md","a55c25a340f1cd10811802665754a3f4eab0c82868fea61fea9cc61aa47ac179"
"md","selector-resilience","tea","tea/workflows/testarch/bmad-testarch-test-review/resources/knowledge/selector-resilience.md","a55c25a340f1cd10811802665754a3f4eab0c82868fea61fea9cc61aa47ac179"
"md","selector-resilience","tea","tea/workflows/testarch/bmad-testarch-trace/resources/knowledge/selector-resilience.md","a55c25a340f1cd10811802665754a3f4eab0c82868fea61fea9cc61aa47ac179"
"md","session-notes-template","tea","tea/workflows/testarch/bmad-teach-me-testing/templates/session-notes-template.md","bdcc8dac35ed5ce2c7a95ab0fd55b2dfa27e3173ed1f5d78e44f8755514e1c70"
"md","SKILL","tea","tea/agents/bmad-tea/SKILL.md","c60d4e56c16be369ae72717d7a825e8a5ec4509e817f7b6ec1e9fc16b12b9ba3"
"md","SKILL","tea","tea/workflows/testarch/bmad-teach-me-testing/SKILL.md","ab9d67173dd7a0143ba36792891e30d63c4c759d54cd25e9ab0a4b8d977b0e6a"
"md","SKILL","tea","tea/workflows/testarch/bmad-testarch-atdd/SKILL.md","fc37ffeab69ca3faf1c978eac2d4d19239d4577dbf628a3f12d84e9d250283a2"
"md","SKILL","tea","tea/workflows/testarch/bmad-testarch-automate/SKILL.md","ecbeacea8778de7c40dbc81628de44bcfe8d10ce280339b60615d92ae3ab90e1"
"md","SKILL","tea","tea/workflows/testarch/bmad-testarch-ci/SKILL.md","67df0b4028f97ce74ba63e360b4b3dc3b486b54c827e28bebc2a9644df78aaea"
"md","SKILL","tea","tea/workflows/testarch/bmad-testarch-framework/SKILL.md","a880b7061e9e03549c0141ffcece5fb289bd4a0f98c94752f40b8d8027c2b158"
"md","SKILL","tea","tea/workflows/testarch/bmad-testarch-nfr/SKILL.md","bf034d3e6bc5eb7977de293b48095042f2b9748a894bdb3714dbfec6031305d0"
"md","SKILL","tea","tea/workflows/testarch/bmad-testarch-test-design/SKILL.md","78636f43137dd33260994df1b2f91a392fb9ccddbb448a5fbcbcfa8c4cc8745e"
"md","SKILL","tea","tea/workflows/testarch/bmad-testarch-test-review/SKILL.md","56b26294204eca54bceba02d9affc53ba90606df3aea0fc5eb82c398dfa57ca1"
"md","SKILL","tea","tea/workflows/testarch/bmad-testarch-trace/SKILL.md","5f7c1df02f51787121c0a9834bb8613f646af3fb688af9e93d6de950dd03758f"
"md","step-01-assess","tea","tea/workflows/testarch/bmad-testarch-atdd/steps-e/step-01-assess.md","3b6b684b315dcb484e36fa5edadbd3b6e7c82d0b848a3a850ea528335254b9c2"
"md","step-01-assess","tea","tea/workflows/testarch/bmad-testarch-automate/steps-e/step-01-assess.md","3b6b684b315dcb484e36fa5edadbd3b6e7c82d0b848a3a850ea528335254b9c2"
"md","step-01-assess","tea","tea/workflows/testarch/bmad-testarch-ci/steps-e/step-01-assess.md","3b6b684b315dcb484e36fa5edadbd3b6e7c82d0b848a3a850ea528335254b9c2"
"md","step-01-assess","tea","tea/workflows/testarch/bmad-testarch-framework/steps-e/step-01-assess.md","3b6b684b315dcb484e36fa5edadbd3b6e7c82d0b848a3a850ea528335254b9c2"
"md","step-01-assess","tea","tea/workflows/testarch/bmad-testarch-nfr/steps-e/step-01-assess.md","3b6b684b315dcb484e36fa5edadbd3b6e7c82d0b848a3a850ea528335254b9c2"
"md","step-01-assess","tea","tea/workflows/testarch/bmad-testarch-test-design/steps-e/step-01-assess.md","3b6b684b315dcb484e36fa5edadbd3b6e7c82d0b848a3a850ea528335254b9c2"
"md","step-01-assess","tea","tea/workflows/testarch/bmad-testarch-test-review/steps-e/step-01-assess.md","3b6b684b315dcb484e36fa5edadbd3b6e7c82d0b848a3a850ea528335254b9c2"
"md","step-01-assess","tea","tea/workflows/testarch/bmad-testarch-trace/steps-e/step-01-assess.md","3b6b684b315dcb484e36fa5edadbd3b6e7c82d0b848a3a850ea528335254b9c2"
"md","step-01-detect-mode","tea","tea/workflows/testarch/bmad-testarch-test-design/steps-c/step-01-detect-mode.md","08ea09fca8378e313898719a4dafce3a196ba386c37b03785e10999806fe72fb"
"md","step-01-init","tea","tea/workflows/testarch/bmad-teach-me-testing/steps-c/step-01-init.md","a4f10bb4d25a70c19ab3529039b2229e661c4bac743251cca6668febb9ba96dc"
"md","step-01-load-context","tea","tea/workflows/testarch/bmad-testarch-nfr/steps-c/step-01-load-context.md","8c3d99b02fe31d2cef54d4084eaa7abd93106e866793122c5e1246c96f83b7a6"
"md","step-01-load-context","tea","tea/workflows/testarch/bmad-testarch-test-review/steps-c/step-01-load-context.md","e4c05d8a2c0b4ea262fd41f554c58af9339c84f51935616da4dbf3e0ff4e87d0"
"md","step-01-load-context","tea","tea/workflows/testarch/bmad-testarch-trace/steps-c/step-01-load-context.md","fc97a76df95ca7ff8c3d9bad4088360c94acf476a4e1de0f7c4bf2b2bd44d30f"
"md","step-01-preflight","tea","tea/workflows/testarch/bmad-testarch-ci/steps-c/step-01-preflight.md","d554ba331f8b10568cfc89696a5b8d1157c90b81b49aec73b71665e217787ddc"
"md","step-01-preflight","tea","tea/workflows/testarch/bmad-testarch-framework/steps-c/step-01-preflight.md","a09ce5ebf1f5501bc9fdd72231c4f5e4850955e66b1c2ae01660a314676049ad"
"md","step-01-preflight-and-context","tea","tea/workflows/testarch/bmad-testarch-atdd/steps-c/step-01-preflight-and-context.md","44168af70ac12bcade3fc5621224f265a44569a3353f41f5967886471648c1da"
"md","step-01-preflight-and-context","tea","tea/workflows/testarch/bmad-testarch-automate/steps-c/step-01-preflight-and-context.md","b3ae651878018ae3bb42c66afa7db18855298b6aae6377d192fd3f995faf21bf"
"md","step-01-validate","tea","tea/workflows/testarch/bmad-testarch-atdd/steps-v/step-01-validate.md","406c92ca1f47f6307d6daf51ee8cd8c4386fb979d7228b2fda648c511ae81bb0"
"md","step-01-validate","tea","tea/workflows/testarch/bmad-testarch-automate/steps-v/step-01-validate.md","cdbef55dd2cfde57929f86de8844a33c4439a82d8847c946c4f82cc25761e6f6"
"md","step-01-validate","tea","tea/workflows/testarch/bmad-testarch-ci/steps-v/step-01-validate.md","16a04a29044e9a177b0dba9e42de48224311a2a6e76d0cec2bcf42abbed15f21"
"md","step-01-validate","tea","tea/workflows/testarch/bmad-testarch-framework/steps-v/step-01-validate.md","1a99df27f445609cacb66967e6684ba5f92e608064d48a07f4564b8dab7f828b"
"md","step-01-validate","tea","tea/workflows/testarch/bmad-testarch-nfr/steps-v/step-01-validate.md","f24a58cd87b0a62e41bb48067af4493faa87b8a5c90d237bb18e30b5afc8b746"
"md","step-01-validate","tea","tea/workflows/testarch/bmad-testarch-test-design/steps-v/step-01-validate.md","bd24f10fdbcefd68e4ec089f378e6d64a9f9037bb5d48e35d28b25666a12adea"
"md","step-01-validate","tea","tea/workflows/testarch/bmad-testarch-test-review/steps-v/step-01-validate.md","6f2302555114f7e50710c27ced1b207c9c090a3aad746605d18ce63bc3d48995"
"md","step-01-validate","tea","tea/workflows/testarch/bmad-testarch-trace/steps-v/step-01-validate.md","524da070ddab395b85a5ccc1b593187fae183c434b9b9eb132459f78b9440bb3"
"md","step-01b-continue","tea","tea/workflows/testarch/bmad-teach-me-testing/steps-c/step-01b-continue.md","1439cc4616a5c4466190f342253a20aa6178f8bdb8bb50c8195185ca35f8ea07"
"md","step-01b-resume","tea","tea/workflows/testarch/bmad-testarch-atdd/steps-c/step-01b-resume.md","45f951a8606c4de5ff2d0a7e809c12e50483a3a9e347eda3ed485c79b986ac5f"
"md","step-01b-resume","tea","tea/workflows/testarch/bmad-testarch-automate/steps-c/step-01b-resume.md","60153862c91240326628d85284357dbd7688636b43c5a04c00a96926aeb71d3b"
"md","step-01b-resume","tea","tea/workflows/testarch/bmad-testarch-ci/steps-c/step-01b-resume.md","b1e63561bfc0808481e6c408c94d4c1fcf12e0b204c8a9d9d0974040ab65d02d"
"md","step-01b-resume","tea","tea/workflows/testarch/bmad-testarch-framework/steps-c/step-01b-resume.md","c9e5bffd9fa15d28089442b960e3fb6c72a2f04c6cae911378d7362af9b77296"
"md","step-01b-resume","tea","tea/workflows/testarch/bmad-testarch-nfr/steps-c/step-01b-resume.md","15dca197639b5fcdcec04295cac1352ff0fb576643614b96d502e1a4f676fd34"
"md","step-01b-resume","tea","tea/workflows/testarch/bmad-testarch-test-design/steps-c/step-01b-resume.md","554062608abf595461350ba95e174cbbd6a497a0ec11641345ffca6da500059f"
"md","step-01b-resume","tea","tea/workflows/testarch/bmad-testarch-test-review/steps-c/step-01b-resume.md","76a4534734133cd90fa3cd2c69e43128a3b2c953e4316600d6e564b9275119c9"
"md","step-01b-resume","tea","tea/workflows/testarch/bmad-testarch-trace/steps-c/step-01b-resume.md","8acc6fe769e7b99daa1f4c446ec3130bae804d969b4b1166f6d8b4220bcf7b08"
"md","step-02-apply-edit","tea","tea/workflows/testarch/bmad-testarch-atdd/steps-e/step-02-apply-edit.md","2b86b38864239b067cdb63a7d1071c6f04279b58ace2c4e4bd38feb73cd0f2ce"
"md","step-02-apply-edit","tea","tea/workflows/testarch/bmad-testarch-automate/steps-e/step-02-apply-edit.md","2b86b38864239b067cdb63a7d1071c6f04279b58ace2c4e4bd38feb73cd0f2ce"
"md","step-02-apply-edit","tea","tea/workflows/testarch/bmad-testarch-ci/steps-e/step-02-apply-edit.md","2b86b38864239b067cdb63a7d1071c6f04279b58ace2c4e4bd38feb73cd0f2ce"
"md","step-02-apply-edit","tea","tea/workflows/testarch/bmad-testarch-framework/steps-e/step-02-apply-edit.md","2b86b38864239b067cdb63a7d1071c6f04279b58ace2c4e4bd38feb73cd0f2ce"
"md","step-02-apply-edit","tea","tea/workflows/testarch/bmad-testarch-nfr/steps-e/step-02-apply-edit.md","2b86b38864239b067cdb63a7d1071c6f04279b58ace2c4e4bd38feb73cd0f2ce"
"md","step-02-apply-edit","tea","tea/workflows/testarch/bmad-testarch-test-design/steps-e/step-02-apply-edit.md","2b86b38864239b067cdb63a7d1071c6f04279b58ace2c4e4bd38feb73cd0f2ce"
"md","step-02-apply-edit","tea","tea/workflows/testarch/bmad-testarch-test-review/steps-e/step-02-apply-edit.md","2b86b38864239b067cdb63a7d1071c6f04279b58ace2c4e4bd38feb73cd0f2ce"
"md","step-02-apply-edit","tea","tea/workflows/testarch/bmad-testarch-trace/steps-e/step-02-apply-edit.md","2b86b38864239b067cdb63a7d1071c6f04279b58ace2c4e4bd38feb73cd0f2ce"
"md","step-02-assess","tea","tea/workflows/testarch/bmad-teach-me-testing/steps-c/step-02-assess.md","6a40830751d93b7262e8042d6d88cff7e38464f39e88775137e4d3ed913d7fd3"
"md","step-02-define-thresholds","tea","tea/workflows/testarch/bmad-testarch-nfr/steps-c/step-02-define-thresholds.md","be4810fc0c5ffaa3ff9125585691f3b792e3a92405c661c8b049ff2bf2b9476c"
"md","step-02-discover-tests","tea","tea/workflows/testarch/bmad-testarch-test-review/steps-c/step-02-discover-tests.md","8682e72f5d7a40b90c2a41ed817ddcb5f7fcd7af98bf75dfaada94c4c59102fc"
"md","step-02-discover-tests","tea","tea/workflows/testarch/bmad-testarch-trace/steps-c/step-02-discover-tests.md","c98c80d70b409c03b9010908cd9a5825eef9839d259342687f7c83145d1b4f61"
"md","step-02-generate-pipeline","tea","tea/workflows/testarch/bmad-testarch-ci/steps-c/step-02-generate-pipeline.md","701ef5297e21b3abe11d2f3db08285aabec8ed91ffdedc849a54fd9ee0219f76"
"md","step-02-generation-mode","tea","tea/workflows/testarch/bmad-testarch-atdd/steps-c/step-02-generation-mode.md","0edcf6694ef40be0a2bd3f39766399fb52b29fadd51ef77a3c1d3dfa96f4a4e1"
"md","step-02-identify-targets","tea","tea/workflows/testarch/bmad-testarch-automate/steps-c/step-02-identify-targets.md","bdd7245437bbc3d83f5aed42428722e9a4b8c9dab668ef24afc01598d58ce7ee"
"md","step-02-load-context","tea","tea/workflows/testarch/bmad-testarch-test-design/steps-c/step-02-load-context.md","fbfd94c5568f9ac3d73994451bafb12b5b4407c6f8e9513d34460797c47a7c2f"
"md","step-02-select-framework","tea","tea/workflows/testarch/bmad-testarch-framework/steps-c/step-02-select-framework.md","b3cea6e3630cccb7809a36d2b29a441358c975f75314b2cc5c7941558be60e8c"
"md","step-03-configure-quality-gates","tea","tea/workflows/testarch/bmad-testarch-ci/steps-c/step-03-configure-quality-gates.md","37ee5c3184115df281d0e65b06a524a3ac9a58c2d66a08e0528728711c8306f7"
"md","step-03-gather-evidence","tea","tea/workflows/testarch/bmad-testarch-nfr/steps-c/step-03-gather-evidence.md","9dac449d15c713857ff2f563f78bfda020e2150f0b3d205dbac979ec5dcbef90"
"md","step-03-generate-tests","tea","tea/workflows/testarch/bmad-testarch-automate/steps-c/step-03-generate-tests.md","28e9c7335170aafe7f358f919de7dee2e011df6ddb68883ddc6c9faf049149e5"
"md","step-03-map-criteria","tea","tea/workflows/testarch/bmad-testarch-trace/steps-c/step-03-map-criteria.md","183ddc14f3bcd3eac19db022a7e334028045bb82ce6cd835d61aaa2678cf5f79"
"md","step-03-quality-evaluation","tea","tea/workflows/testarch/bmad-testarch-test-review/steps-c/step-03-quality-evaluation.md","88d51bab4a31431649970b5b4e6305fa40e047e4db69741abb8a07db990a73d1"
"md","step-03-risk-and-testability","tea","tea/workflows/testarch/bmad-testarch-test-design/steps-c/step-03-risk-and-testability.md","16a496bc557106cfb3f300b429e91da998a5e3d3483472d60e382aefa71947b7"
"md","step-03-scaffold-framework","tea","tea/workflows/testarch/bmad-testarch-framework/steps-c/step-03-scaffold-framework.md","53cbf871a6f87708dc7792787c1c82f393b227c28cdebd11fe149e8510b64d7c"
"md","step-03-session-menu","tea","tea/workflows/testarch/bmad-teach-me-testing/steps-c/step-03-session-menu.md","683a2d110f1787f90a660f493e8a1b487afb0a1ed647408b02fb36e803098c44"
"md","step-03-test-strategy","tea","tea/workflows/testarch/bmad-testarch-atdd/steps-c/step-03-test-strategy.md","e5301713d80b141bbf789d47f7488d5d08e89b596d90fe3b483590e4545c1cd3"
"md","step-03a-subagent-api","tea","tea/workflows/testarch/bmad-testarch-automate/steps-c/step-03a-subagent-api.md","2b1587f7c95c156e78aa02292a0b9e9cf0c54b1288840952277ce3b90579ea29"
"md","step-03a-subagent-determinism","tea","tea/workflows/testarch/bmad-testarch-test-review/steps-c/step-03a-subagent-determinism.md","f08875f3d6e51fd0fbf404411a633e4478c76b9622910138a1dae57f644cacb8"
"md","step-03b-subagent-backend","tea","tea/workflows/testarch/bmad-testarch-automate/steps-c/step-03b-subagent-backend.md","467714d0a7a917fbc208afbcf70bcd2b7dd4db452e05f2c2c37a5b2e41ffe36c"
"md","step-03b-subagent-e2e","tea","tea/workflows/testarch/bmad-testarch-automate/steps-c/step-03b-subagent-e2e.md","3ef39eb7afbe4fbdcd6fe0f1f5c308ffe0fc1faaad7c20f4afba63f8143789a7"
"md","step-03b-subagent-isolation","tea","tea/workflows/testarch/bmad-testarch-test-review/steps-c/step-03b-subagent-isolation.md","b5b5dec99963fa2992c5aa51524c134d6cca6850021e60e4ec9abd975af00bbf"
"md","step-03c-aggregate","tea","tea/workflows/testarch/bmad-testarch-automate/steps-c/step-03c-aggregate.md","466e5a950e2a74865b7d79fbe90b7ec2963debfa000238b0bc5310aaa9351994"
"md","step-03c-subagent-maintainability","tea","tea/workflows/testarch/bmad-testarch-test-review/steps-c/step-03c-subagent-maintainability.md","ade7fb44c9bf53604d0494b1324b92609d7a9019b862ace784560b01272ac129"
"md","step-03e-subagent-performance","tea","tea/workflows/testarch/bmad-testarch-test-review/steps-c/step-03e-subagent-performance.md","c46575919c88820518c86afd805ea2174781c8fadffe14882fbc3b9b2e2431b7"
"md","step-03f-aggregate-scores","tea","tea/workflows/testarch/bmad-testarch-test-review/steps-c/step-03f-aggregate-scores.md","321947aa2659a9035c12287653baa661b0956931acb9deae4b0efe18c56d1468"
"md","step-04-analyze-gaps","tea","tea/workflows/testarch/bmad-testarch-trace/steps-c/step-04-analyze-gaps.md","150d699da661a4a308a792cddc1d78fd26f6dcc0430977ffcd7a88dd3670bdbf"
"md","step-04-coverage-plan","tea","tea/workflows/testarch/bmad-testarch-test-design/steps-c/step-04-coverage-plan.md","6c05bfecbd55abac59fc3a715de695ca8b07716204db132f335d36de9ff4bc57"
"md","step-04-docs-and-scripts","tea","tea/workflows/testarch/bmad-testarch-framework/steps-c/step-04-docs-and-scripts.md","740a11be18fbda734e3264c8566956d24e28c38b0ba2b007f4a16785c818430a"
"md","step-04-evaluate-and-score","tea","tea/workflows/testarch/bmad-testarch-nfr/steps-c/step-04-evaluate-and-score.md","55afd8630f4213db3312ad3ce5cc5c4635f8da2b2ee200df61d83832b4ce5495"
"md","step-04-generate-report","tea","tea/workflows/testarch/bmad-testarch-test-review/steps-c/step-04-generate-report.md","5121054b63486e7ddc000925ffa681777b6baf9521819b0a49626a1c7cf8d1db"
"md","step-04-generate-tests","tea","tea/workflows/testarch/bmad-testarch-atdd/steps-c/step-04-generate-tests.md","556f2d1fcc34624597ce59835aee034c99c8dbbc45e6c53587862a524260d219"
"md","step-04-session-01","tea","tea/workflows/testarch/bmad-teach-me-testing/steps-c/step-04-session-01.md","69f723b751d7dd3a5679768d0f331f0b666c503e7171de87adc0973070877c28"
"md","step-04-session-02","tea","tea/workflows/testarch/bmad-teach-me-testing/steps-c/step-04-session-02.md","227e62cf1686a9f01c22e39e1053ec188eceb581c7367df1725d959f0d6f5e11"
"md","step-04-session-03","tea","tea/workflows/testarch/bmad-teach-me-testing/steps-c/step-04-session-03.md","9c62152a4fb83c2e7ec1c9769a201453f97a7a402a0293dd5893886e7aea35c0"
"md","step-04-session-04","tea","tea/workflows/testarch/bmad-teach-me-testing/steps-c/step-04-session-04.md","f310e8d747bdb46c759a373cc2158585ebe2a6056ac15d391d929a0511efc8a1"
"md","step-04-session-05","tea","tea/workflows/testarch/bmad-teach-me-testing/steps-c/step-04-session-05.md","9ba50708f76345d3b6be2eb12f5660ba7f03cfee80032c055f6c78cb3c4bfae2"
"md","step-04-session-06","tea","tea/workflows/testarch/bmad-teach-me-testing/steps-c/step-04-session-06.md","08a615ac90822c0b00dcb65f1a503b9d38a31a93121f9c1a468287d69b7c34fe"
"md","step-04-session-07","tea","tea/workflows/testarch/bmad-teach-me-testing/steps-c/step-04-session-07.md","23e6bb07e7d59e9b69c8969bbccaecb3494ef48e2bea99fcc4f6962cd6278b2e"
"md","step-04-validate-and-summarize","tea","tea/workflows/testarch/bmad-testarch-automate/steps-c/step-04-validate-and-summarize.md","f0626e3274bbdd2e5cee74bceaab16a6aeb8d8fac84e8a518079ac2a26fec428"
"md","step-04-validate-and-summary","tea","tea/workflows/testarch/bmad-testarch-ci/steps-c/step-04-validate-and-summary.md","89588c56407e5bce390cf6197605f43a86e6b767e0a249c10be4df15fec4c646"
"md","step-04a-subagent-api-failing","tea","tea/workflows/testarch/bmad-testarch-atdd/steps-c/step-04a-subagent-api-failing.md","755c83b6803025ec17678b0c64c9aaf293d0e5926b04f23b1aea9ca98a748f53"
"md","step-04a-subagent-security","tea","tea/workflows/testarch/bmad-testarch-nfr/steps-c/step-04a-subagent-security.md","fb1091af23e966d9f73233f8797642c24f3a563feeacae102e83056a9b5719f7"
"md","step-04b-subagent-e2e-failing","tea","tea/workflows/testarch/bmad-testarch-atdd/steps-c/step-04b-subagent-e2e-failing.md","6ab05d407ffb9d6e30543270097ede75a5ab2030a598dc610ce4d8fe88ee0d7f"
"md","step-04b-subagent-performance","tea","tea/workflows/testarch/bmad-testarch-nfr/steps-c/step-04b-subagent-performance.md","c635ac8e31a2f5af9ee2fa1c64dd285a12d2d50f0ea885f02f3579d762f81131"
"md","step-04c-aggregate","tea","tea/workflows/testarch/bmad-testarch-atdd/steps-c/step-04c-aggregate.md","f261c0c83c96527c3dc448e18b9cbd8eb8afea03d72389c450b4b41bc7863b69"
"md","step-04c-subagent-reliability","tea","tea/workflows/testarch/bmad-testarch-nfr/steps-c/step-04c-subagent-reliability.md","d59f69fa2b5dfcfedfa272b519c271f88946356d9044646c81847d608cb6a21d"
"md","step-04d-subagent-scalability","tea","tea/workflows/testarch/bmad-testarch-nfr/steps-c/step-04d-subagent-scalability.md","a88ee02af3aee368c22522004a0d7d364fc3dc71ac33992375c37fd07b24b43b"
"md","step-04e-aggregate-nfr","tea","tea/workflows/testarch/bmad-testarch-nfr/steps-c/step-04e-aggregate-nfr.md","3e1d9da52e7e6a8c98de0059150cda9c2425d1d186bd35e0076f8dbfff4e5787"
"md","step-05-completion","tea","tea/workflows/testarch/bmad-teach-me-testing/steps-c/step-05-completion.md","4df6d5bf870508b6368c8312685aded6a645139a184e1a16655b646de1cc2f42"
"md","step-05-gate-decision","tea","tea/workflows/testarch/bmad-testarch-trace/steps-c/step-05-gate-decision.md","ff8dfc0b6ac628ff8eb97a9bd3468b5116fec13c337f7ee94d5cbb4dd10d3bba"
"md","step-05-generate-output","tea","tea/workflows/testarch/bmad-testarch-test-design/steps-c/step-05-generate-output.md","053664ff0fc8d6f596951f381769e4ba99833046240897dda918d9bb9b376755"
"md","step-05-generate-report","tea","tea/workflows/testarch/bmad-testarch-nfr/steps-c/step-05-generate-report.md","41d88f235493dcd7001168d0c60176b854474774f9e0369bd6cf8b53d0412f4f"
"md","step-05-validate-and-complete","tea","tea/workflows/testarch/bmad-testarch-atdd/steps-c/step-05-validate-and-complete.md","65178956f59c87ca6d31745c2a98e48e30831f68bd8cefdcd72a4898817db019"
"md","step-05-validate-and-summary","tea","tea/workflows/testarch/bmad-testarch-framework/steps-c/step-05-validate-and-summary.md","bd9f26ac1483115f91c536d55c9177bdb04ae3e25286ee913b36ff7cbcbd9cb5"
"md","step-e-01-assess-workflow","tea","tea/workflows/testarch/bmad-teach-me-testing/steps-e/step-e-01-assess-workflow.md","deaf4f846c77eedc9278e6dd3a587ae911bac468240da237898c2db02ca18a40"
"md","step-e-02-apply-edits","tea","tea/workflows/testarch/bmad-teach-me-testing/steps-e/step-e-02-apply-edits.md","abf7e18a0e6d452fff7aecdbd39197aab9b0a01b8ced1b6e2502178588aa3f28"
"md","step-v-01-validate","tea","tea/workflows/testarch/bmad-teach-me-testing/steps-v/step-v-01-validate.md","ab7c3d04ee058151f3ecc14c51b38fc1a5fc44dcc40c71cf5720a2f9ac1711ad"
"md","test-design-architecture-template","tea","tea/workflows/testarch/bmad-testarch-test-design/test-design-architecture-template.md","2b633e96a182720b389839ffd5ae547322ba0fa1b056920230dbe8defd972899"
"md","test-design-handoff-template","tea","tea/workflows/testarch/bmad-testarch-test-design/test-design-handoff-template.md","ce1dd24dd95244e4a511bef74a3a7cb10e5620a3a137195a31608f81ac7e7b1b"
"md","test-design-qa-template","tea","tea/workflows/testarch/bmad-testarch-test-design/test-design-qa-template.md","60ef0a18fc232d3404550c32d213dd104ce1de4beb6d24bc63846b69ed60b653"
"md","test-design-template","tea","tea/workflows/testarch/bmad-testarch-test-design/test-design-template.md","7ec626497d7a802ca188cf96fc186f047be8ecdf01f8d9d1c52fbda7f0e417b1"
"md","test-healing-patterns","tea","tea/agents/bmad-tea/resources/knowledge/test-healing-patterns.md","b44f7db1ebb1c20ca4ef02d12cae95f692876aee02689605d4b15fe728d28fdf"
"md","test-healing-patterns","tea","tea/workflows/testarch/bmad-testarch-atdd/resources/knowledge/test-healing-patterns.md","b44f7db1ebb1c20ca4ef02d12cae95f692876aee02689605d4b15fe728d28fdf"
"md","test-healing-patterns","tea","tea/workflows/testarch/bmad-testarch-automate/resources/knowledge/test-healing-patterns.md","b44f7db1ebb1c20ca4ef02d12cae95f692876aee02689605d4b15fe728d28fdf"
"md","test-healing-patterns","tea","tea/workflows/testarch/bmad-testarch-ci/resources/knowledge/test-healing-patterns.md","b44f7db1ebb1c20ca4ef02d12cae95f692876aee02689605d4b15fe728d28fdf"
"md","test-healing-patterns","tea","tea/workflows/testarch/bmad-testarch-framework/resources/knowledge/test-healing-patterns.md","b44f7db1ebb1c20ca4ef02d12cae95f692876aee02689605d4b15fe728d28fdf"
"md","test-healing-patterns","tea","tea/workflows/testarch/bmad-testarch-nfr/resources/knowledge/test-healing-patterns.md","b44f7db1ebb1c20ca4ef02d12cae95f692876aee02689605d4b15fe728d28fdf"
"md","test-healing-patterns","tea","tea/workflows/testarch/bmad-testarch-test-design/resources/knowledge/test-healing-patterns.md","b44f7db1ebb1c20ca4ef02d12cae95f692876aee02689605d4b15fe728d28fdf"
"md","test-healing-patterns","tea","tea/workflows/testarch/bmad-testarch-test-review/resources/knowledge/test-healing-patterns.md","b44f7db1ebb1c20ca4ef02d12cae95f692876aee02689605d4b15fe728d28fdf"
"md","test-healing-patterns","tea","tea/workflows/testarch/bmad-testarch-trace/resources/knowledge/test-healing-patterns.md","b44f7db1ebb1c20ca4ef02d12cae95f692876aee02689605d4b15fe728d28fdf"
"md","test-levels-framework","tea","tea/agents/bmad-tea/resources/knowledge/test-levels-framework.md","80bbac7959a47a2e7e7de82613296f906954d571d2d64ece13381c1a0b480237"
"md","test-levels-framework","tea","tea/workflows/testarch/bmad-testarch-atdd/resources/knowledge/test-levels-framework.md","80bbac7959a47a2e7e7de82613296f906954d571d2d64ece13381c1a0b480237"
"md","test-levels-framework","tea","tea/workflows/testarch/bmad-testarch-automate/resources/knowledge/test-levels-framework.md","80bbac7959a47a2e7e7de82613296f906954d571d2d64ece13381c1a0b480237"
"md","test-levels-framework","tea","tea/workflows/testarch/bmad-testarch-ci/resources/knowledge/test-levels-framework.md","80bbac7959a47a2e7e7de82613296f906954d571d2d64ece13381c1a0b480237"
"md","test-levels-framework","tea","tea/workflows/testarch/bmad-testarch-framework/resources/knowledge/test-levels-framework.md","80bbac7959a47a2e7e7de82613296f906954d571d2d64ece13381c1a0b480237"
"md","test-levels-framework","tea","tea/workflows/testarch/bmad-testarch-nfr/resources/knowledge/test-levels-framework.md","80bbac7959a47a2e7e7de82613296f906954d571d2d64ece13381c1a0b480237"
"md","test-levels-framework","tea","tea/workflows/testarch/bmad-testarch-test-design/resources/knowledge/test-levels-framework.md","80bbac7959a47a2e7e7de82613296f906954d571d2d64ece13381c1a0b480237"
"md","test-levels-framework","tea","tea/workflows/testarch/bmad-testarch-test-review/resources/knowledge/test-levels-framework.md","80bbac7959a47a2e7e7de82613296f906954d571d2d64ece13381c1a0b480237"
"md","test-levels-framework","tea","tea/workflows/testarch/bmad-testarch-trace/resources/knowledge/test-levels-framework.md","80bbac7959a47a2e7e7de82613296f906954d571d2d64ece13381c1a0b480237"
"md","test-priorities-matrix","tea","tea/agents/bmad-tea/resources/knowledge/test-priorities-matrix.md","321c3b708cc19892884be0166afa2a7197028e5474acaf7bc65c17ac861964a5"
"md","test-priorities-matrix","tea","tea/workflows/testarch/bmad-testarch-atdd/resources/knowledge/test-priorities-matrix.md","321c3b708cc19892884be0166afa2a7197028e5474acaf7bc65c17ac861964a5"
"md","test-priorities-matrix","tea","tea/workflows/testarch/bmad-testarch-automate/resources/knowledge/test-priorities-matrix.md","321c3b708cc19892884be0166afa2a7197028e5474acaf7bc65c17ac861964a5"
"md","test-priorities-matrix","tea","tea/workflows/testarch/bmad-testarch-ci/resources/knowledge/test-priorities-matrix.md","321c3b708cc19892884be0166afa2a7197028e5474acaf7bc65c17ac861964a5"
"md","test-priorities-matrix","tea","tea/workflows/testarch/bmad-testarch-framework/resources/knowledge/test-priorities-matrix.md","321c3b708cc19892884be0166afa2a7197028e5474acaf7bc65c17ac861964a5"
"md","test-priorities-matrix","tea","tea/workflows/testarch/bmad-testarch-nfr/resources/knowledge/test-priorities-matrix.md","321c3b708cc19892884be0166afa2a7197028e5474acaf7bc65c17ac861964a5"
"md","test-priorities-matrix","tea","tea/workflows/testarch/bmad-testarch-test-design/resources/knowledge/test-priorities-matrix.md","321c3b708cc19892884be0166afa2a7197028e5474acaf7bc65c17ac861964a5"
"md","test-priorities-matrix","tea","tea/workflows/testarch/bmad-testarch-test-review/resources/knowledge/test-priorities-matrix.md","321c3b708cc19892884be0166afa2a7197028e5474acaf7bc65c17ac861964a5"
"md","test-priorities-matrix","tea","tea/workflows/testarch/bmad-testarch-trace/resources/knowledge/test-priorities-matrix.md","321c3b708cc19892884be0166afa2a7197028e5474acaf7bc65c17ac861964a5"
"md","test-quality","tea","tea/agents/bmad-tea/resources/knowledge/test-quality.md","19a0623e623d9cb974d92908eb8e38dad849ab78004c30ee0593696c28a9d076"
"md","test-quality","tea","tea/workflows/testarch/bmad-testarch-atdd/resources/knowledge/test-quality.md","97b6db474df0ec7a98a15fd2ae49671bb8e0ddf22963f3c4c47917bb75c05b90"
"md","test-quality","tea","tea/workflows/testarch/bmad-testarch-automate/resources/knowledge/test-quality.md","97b6db474df0ec7a98a15fd2ae49671bb8e0ddf22963f3c4c47917bb75c05b90"
"md","test-quality","tea","tea/workflows/testarch/bmad-testarch-ci/resources/knowledge/test-quality.md","97b6db474df0ec7a98a15fd2ae49671bb8e0ddf22963f3c4c47917bb75c05b90"
"md","test-quality","tea","tea/workflows/testarch/bmad-testarch-framework/resources/knowledge/test-quality.md","97b6db474df0ec7a98a15fd2ae49671bb8e0ddf22963f3c4c47917bb75c05b90"
"md","test-quality","tea","tea/workflows/testarch/bmad-testarch-nfr/resources/knowledge/test-quality.md","97b6db474df0ec7a98a15fd2ae49671bb8e0ddf22963f3c4c47917bb75c05b90"
"md","test-quality","tea","tea/workflows/testarch/bmad-testarch-test-design/resources/knowledge/test-quality.md","97b6db474df0ec7a98a15fd2ae49671bb8e0ddf22963f3c4c47917bb75c05b90"
"md","test-quality","tea","tea/workflows/testarch/bmad-testarch-test-review/resources/knowledge/test-quality.md","97b6db474df0ec7a98a15fd2ae49671bb8e0ddf22963f3c4c47917bb75c05b90"
"md","test-quality","tea","tea/workflows/testarch/bmad-testarch-trace/resources/knowledge/test-quality.md","97b6db474df0ec7a98a15fd2ae49671bb8e0ddf22963f3c4c47917bb75c05b90"
"md","test-review-template","tea","tea/workflows/testarch/bmad-testarch-test-review/test-review-template.md","3fb8763e5f68ffb41f2428e139f1869407f8eb2460dcede23631ad8f75b449e2"
"md","timing-debugging","tea","tea/agents/bmad-tea/resources/knowledge/timing-debugging.md","c4c87539bbd3fd961369bb1d7066135d18c6aad7ecd70256ab5ec3b26a8777d9"
"md","timing-debugging","tea","tea/workflows/testarch/bmad-testarch-atdd/resources/knowledge/timing-debugging.md","c4c87539bbd3fd961369bb1d7066135d18c6aad7ecd70256ab5ec3b26a8777d9"
"md","timing-debugging","tea","tea/workflows/testarch/bmad-testarch-automate/resources/knowledge/timing-debugging.md","c4c87539bbd3fd961369bb1d7066135d18c6aad7ecd70256ab5ec3b26a8777d9"
"md","timing-debugging","tea","tea/workflows/testarch/bmad-testarch-ci/resources/knowledge/timing-debugging.md","c4c87539bbd3fd961369bb1d7066135d18c6aad7ecd70256ab5ec3b26a8777d9"
"md","timing-debugging","tea","tea/workflows/testarch/bmad-testarch-framework/resources/knowledge/timing-debugging.md","c4c87539bbd3fd961369bb1d7066135d18c6aad7ecd70256ab5ec3b26a8777d9"
"md","timing-debugging","tea","tea/workflows/testarch/bmad-testarch-nfr/resources/knowledge/timing-debugging.md","c4c87539bbd3fd961369bb1d7066135d18c6aad7ecd70256ab5ec3b26a8777d9"
"md","timing-debugging","tea","tea/workflows/testarch/bmad-testarch-test-design/resources/knowledge/timing-debugging.md","c4c87539bbd3fd961369bb1d7066135d18c6aad7ecd70256ab5ec3b26a8777d9"
"md","timing-debugging","tea","tea/workflows/testarch/bmad-testarch-test-review/resources/knowledge/timing-debugging.md","c4c87539bbd3fd961369bb1d7066135d18c6aad7ecd70256ab5ec3b26a8777d9"
"md","timing-debugging","tea","tea/workflows/testarch/bmad-testarch-trace/resources/knowledge/timing-debugging.md","c4c87539bbd3fd961369bb1d7066135d18c6aad7ecd70256ab5ec3b26a8777d9"
"md","trace-template","tea","tea/workflows/testarch/bmad-testarch-trace/trace-template.md","73359654f3e6de4084d16c9546e75ab9636b94ba909c7da213b93372030e5d4d"
"md","validation-report-20260127-095021","tea","tea/workflows/testarch/bmad-testarch-atdd/validation-report-20260127-095021.md","39c8d0dcaaa67d648d114d7fc9b087670af8c85377eb6513544645a5b938e7fe"
"md","validation-report-20260127-095021","tea","tea/workflows/testarch/bmad-testarch-automate/validation-report-20260127-095021.md","23b68497a6fb9d93aa7920eb28b5ad36a8f9ab2532a145255ea5878e53592f98"
"md","validation-report-20260127-095021","tea","tea/workflows/testarch/bmad-testarch-ci/validation-report-20260127-095021.md","aad800795280bad317d157a4d83ae14944b39ed4a9e5a9f34b996bc934d24af2"
"md","validation-report-20260127-095021","tea","tea/workflows/testarch/bmad-testarch-framework/validation-report-20260127-095021.md","05e86702f8cd4b1bad25b7b90c30fe266485f9116ad12af1ee50228d4169992b"
"md","validation-report-20260127-095021","tea","tea/workflows/testarch/bmad-testarch-nfr/validation-report-20260127-095021.md","5fc96e42e9b7d32b3252612ee514752346c3e29100b810a28adf996706a61589"
"md","validation-report-20260127-095021","tea","tea/workflows/testarch/bmad-testarch-test-design/validation-report-20260127-095021.md","2294b9b719227b7c083b8aecf4fc0bf6323f6b7686aec0010ba94e38ddea4aba"
"md","validation-report-20260127-095021","tea","tea/workflows/testarch/bmad-testarch-test-review/validation-report-20260127-095021.md","b370ec9724d036e262e950bbeeb244cd414cd4ae49f437d47695b2c07354f6f4"
"md","validation-report-20260127-095021","tea","tea/workflows/testarch/bmad-testarch-trace/validation-report-20260127-095021.md","a4cf09ad228331217530e473507d1a1b791d3a3cbf471007bb799fcbecbb64c7"
"md","validation-report-20260127-102401","tea","tea/workflows/testarch/bmad-testarch-atdd/validation-report-20260127-102401.md","b749c37581244d028897b78aa6470ee0b9e7a78cdc4975bfd8aed1bd3f374370"
"md","validation-report-20260127-102401","tea","tea/workflows/testarch/bmad-testarch-automate/validation-report-20260127-102401.md","3322f92f5dc4d28c07e08a6a20f7cd77c702f7de04ecba9af6975a7463d845b5"
"md","validation-report-20260127-102401","tea","tea/workflows/testarch/bmad-testarch-ci/validation-report-20260127-102401.md","38864f41d588c5b075c5e09539729e1f4101b1def47c794a68bba5a2db23cb7a"
"md","validation-report-20260127-102401","tea","tea/workflows/testarch/bmad-testarch-framework/validation-report-20260127-102401.md","e584a2aaf88cd4d65a37ab03668c523a8e55b830ea957c205acfad149febb1ef"
"md","validation-report-20260127-102401","tea","tea/workflows/testarch/bmad-testarch-nfr/validation-report-20260127-102401.md","39206e32d3ac4c93475e3444ceeac9babb3a2d94588155a944e03cd153f1e9ab"
"md","validation-report-20260127-102401","tea","tea/workflows/testarch/bmad-testarch-test-design/validation-report-20260127-102401.md","7fbef44391edac74342d14f02688176f96a291c30792fdf26721a872c1ba2b6d"
"md","validation-report-20260127-102401","tea","tea/workflows/testarch/bmad-testarch-test-review/validation-report-20260127-102401.md","13c684351c4c4ae274f3ea9827b00d7bab7daf694980f5bfc74c592aa2617f1a"
"md","validation-report-20260127-102401","tea","tea/workflows/testarch/bmad-testarch-trace/validation-report-20260127-102401.md","0774915e82411e21d505e11cf659bc1f3b7b0e252513b1de067b0c7d8c567c37"
"md","visual-debugging","tea","tea/agents/bmad-tea/resources/knowledge/visual-debugging.md","f1a7db59553aee691550e2c62ca15348a2703dea738b76cd38e22cfcfe2bf7c8"
"md","visual-debugging","tea","tea/workflows/testarch/bmad-testarch-atdd/resources/knowledge/visual-debugging.md","f1a7db59553aee691550e2c62ca15348a2703dea738b76cd38e22cfcfe2bf7c8"
"md","visual-debugging","tea","tea/workflows/testarch/bmad-testarch-automate/resources/knowledge/visual-debugging.md","f1a7db59553aee691550e2c62ca15348a2703dea738b76cd38e22cfcfe2bf7c8"
"md","visual-debugging","tea","tea/workflows/testarch/bmad-testarch-ci/resources/knowledge/visual-debugging.md","f1a7db59553aee691550e2c62ca15348a2703dea738b76cd38e22cfcfe2bf7c8"
"md","visual-debugging","tea","tea/workflows/testarch/bmad-testarch-framework/resources/knowledge/visual-debugging.md","f1a7db59553aee691550e2c62ca15348a2703dea738b76cd38e22cfcfe2bf7c8"
"md","visual-debugging","tea","tea/workflows/testarch/bmad-testarch-nfr/resources/knowledge/visual-debugging.md","f1a7db59553aee691550e2c62ca15348a2703dea738b76cd38e22cfcfe2bf7c8"
"md","visual-debugging","tea","tea/workflows/testarch/bmad-testarch-test-design/resources/knowledge/visual-debugging.md","f1a7db59553aee691550e2c62ca15348a2703dea738b76cd38e22cfcfe2bf7c8"
"md","visual-debugging","tea","tea/workflows/testarch/bmad-testarch-test-review/resources/knowledge/visual-debugging.md","f1a7db59553aee691550e2c62ca15348a2703dea738b76cd38e22cfcfe2bf7c8"
"md","visual-debugging","tea","tea/workflows/testarch/bmad-testarch-trace/resources/knowledge/visual-debugging.md","f1a7db59553aee691550e2c62ca15348a2703dea738b76cd38e22cfcfe2bf7c8"
"md","webhook-module-setup","tea","tea/agents/bmad-tea/resources/knowledge/webhook-module-setup.md","87dd6d7eb4dfd45691ccbb876a0bdf0b8a8b8622351be7539b8fb80504068048"
"md","webhook-module-setup","tea","tea/workflows/testarch/bmad-testarch-atdd/resources/knowledge/webhook-module-setup.md","87dd6d7eb4dfd45691ccbb876a0bdf0b8a8b8622351be7539b8fb80504068048"
"md","webhook-module-setup","tea","tea/workflows/testarch/bmad-testarch-automate/resources/knowledge/webhook-module-setup.md","87dd6d7eb4dfd45691ccbb876a0bdf0b8a8b8622351be7539b8fb80504068048"
"md","webhook-module-setup","tea","tea/workflows/testarch/bmad-testarch-ci/resources/knowledge/webhook-module-setup.md","87dd6d7eb4dfd45691ccbb876a0bdf0b8a8b8622351be7539b8fb80504068048"
"md","webhook-module-setup","tea","tea/workflows/testarch/bmad-testarch-framework/resources/knowledge/webhook-module-setup.md","87dd6d7eb4dfd45691ccbb876a0bdf0b8a8b8622351be7539b8fb80504068048"
"md","webhook-module-setup","tea","tea/workflows/testarch/bmad-testarch-nfr/resources/knowledge/webhook-module-setup.md","87dd6d7eb4dfd45691ccbb876a0bdf0b8a8b8622351be7539b8fb80504068048"
"md","webhook-module-setup","tea","tea/workflows/testarch/bmad-testarch-test-design/resources/knowledge/webhook-module-setup.md","87dd6d7eb4dfd45691ccbb876a0bdf0b8a8b8622351be7539b8fb80504068048"
"md","webhook-module-setup","tea","tea/workflows/testarch/bmad-testarch-test-review/resources/knowledge/webhook-module-setup.md","87dd6d7eb4dfd45691ccbb876a0bdf0b8a8b8622351be7539b8fb80504068048"
"md","webhook-module-setup","tea","tea/workflows/testarch/bmad-testarch-trace/resources/knowledge/webhook-module-setup.md","87dd6d7eb4dfd45691ccbb876a0bdf0b8a8b8622351be7539b8fb80504068048"
"md","webhook-providers","tea","tea/agents/bmad-tea/resources/knowledge/webhook-providers.md","a71ba2c09c45541d4d262c4db85fb9b2aeb021bb09779c65454a5ed3bd546c63"
"md","webhook-providers","tea","tea/workflows/testarch/bmad-testarch-atdd/resources/knowledge/webhook-providers.md","a71ba2c09c45541d4d262c4db85fb9b2aeb021bb09779c65454a5ed3bd546c63"
"md","webhook-providers","tea","tea/workflows/testarch/bmad-testarch-automate/resources/knowledge/webhook-providers.md","a71ba2c09c45541d4d262c4db85fb9b2aeb021bb09779c65454a5ed3bd546c63"
"md","webhook-providers","tea","tea/workflows/testarch/bmad-testarch-ci/resources/knowledge/webhook-providers.md","a71ba2c09c45541d4d262c4db85fb9b2aeb021bb09779c65454a5ed3bd546c63"
"md","webhook-providers","tea","tea/workflows/testarch/bmad-testarch-framework/resources/knowledge/webhook-providers.md","a71ba2c09c45541d4d262c4db85fb9b2aeb021bb09779c65454a5ed3bd546c63"
"md","webhook-providers","tea","tea/workflows/testarch/bmad-testarch-nfr/resources/knowledge/webhook-providers.md","a71ba2c09c45541d4d262c4db85fb9b2aeb021bb09779c65454a5ed3bd546c63"
"md","webhook-providers","tea","tea/workflows/testarch/bmad-testarch-test-design/resources/knowledge/webhook-providers.md","a71ba2c09c45541d4d262c4db85fb9b2aeb021bb09779c65454a5ed3bd546c63"
"md","webhook-providers","tea","tea/workflows/testarch/bmad-testarch-test-review/resources/knowledge/webhook-providers.md","a71ba2c09c45541d4d262c4db85fb9b2aeb021bb09779c65454a5ed3bd546c63"
"md","webhook-providers","tea","tea/workflows/testarch/bmad-testarch-trace/resources/knowledge/webhook-providers.md","a71ba2c09c45541d4d262c4db85fb9b2aeb021bb09779c65454a5ed3bd546c63"
"md","webhook-risk-guidance","tea","tea/agents/bmad-tea/resources/knowledge/webhook-risk-guidance.md","8bd40218b2427c18212afa3f5bbc8ce251f4385ca2ae2ac62e6a907fa342200e"
"md","webhook-risk-guidance","tea","tea/workflows/testarch/bmad-testarch-atdd/resources/knowledge/webhook-risk-guidance.md","8bd40218b2427c18212afa3f5bbc8ce251f4385ca2ae2ac62e6a907fa342200e"
"md","webhook-risk-guidance","tea","tea/workflows/testarch/bmad-testarch-automate/resources/knowledge/webhook-risk-guidance.md","8bd40218b2427c18212afa3f5bbc8ce251f4385ca2ae2ac62e6a907fa342200e"
"md","webhook-risk-guidance","tea","tea/workflows/testarch/bmad-testarch-ci/resources/knowledge/webhook-risk-guidance.md","8bd40218b2427c18212afa3f5bbc8ce251f4385ca2ae2ac62e6a907fa342200e"
"md","webhook-risk-guidance","tea","tea/workflows/testarch/bmad-testarch-framework/resources/knowledge/webhook-risk-guidance.md","8bd40218b2427c18212afa3f5bbc8ce251f4385ca2ae2ac62e6a907fa342200e"
"md","webhook-risk-guidance","tea","tea/workflows/testarch/bmad-testarch-nfr/resources/knowledge/webhook-risk-guidance.md","8bd40218b2427c18212afa3f5bbc8ce251f4385ca2ae2ac62e6a907fa342200e"
"md","webhook-risk-guidance","tea","tea/workflows/testarch/bmad-testarch-test-design/resources/knowledge/webhook-risk-guidance.md","8bd40218b2427c18212afa3f5bbc8ce251f4385ca2ae2ac62e6a907fa342200e"
"md","webhook-risk-guidance","tea","tea/workflows/testarch/bmad-testarch-test-review/resources/knowledge/webhook-risk-guidance.md","8bd40218b2427c18212afa3f5bbc8ce251f4385ca2ae2ac62e6a907fa342200e"
"md","webhook-risk-guidance","tea","tea/workflows/testarch/bmad-testarch-trace/resources/knowledge/webhook-risk-guidance.md","8bd40218b2427c18212afa3f5bbc8ce251f4385ca2ae2ac62e6a907fa342200e"
"md","webhook-template-matchers","tea","tea/agents/bmad-tea/resources/knowledge/webhook-template-matchers.md","abf92e617b194199439c60fafe68cb0481b48e9ef09f69c01c8a424429a6009f"
"md","webhook-template-matchers","tea","tea/workflows/testarch/bmad-testarch-atdd/resources/knowledge/webhook-template-matchers.md","abf92e617b194199439c60fafe68cb0481b48e9ef09f69c01c8a424429a6009f"
"md","webhook-template-matchers","tea","tea/workflows/testarch/bmad-testarch-automate/resources/knowledge/webhook-template-matchers.md","abf92e617b194199439c60fafe68cb0481b48e9ef09f69c01c8a424429a6009f"
"md","webhook-template-matchers","tea","tea/workflows/testarch/bmad-testarch-ci/resources/knowledge/webhook-template-matchers.md","abf92e617b194199439c60fafe68cb0481b48e9ef09f69c01c8a424429a6009f"
"md","webhook-template-matchers","tea","tea/workflows/testarch/bmad-testarch-framework/resources/knowledge/webhook-template-matchers.md","abf92e617b194199439c60fafe68cb0481b48e9ef09f69c01c8a424429a6009f"
"md","webhook-template-matchers","tea","tea/workflows/testarch/bmad-testarch-nfr/resources/knowledge/webhook-template-matchers.md","abf92e617b194199439c60fafe68cb0481b48e9ef09f69c01c8a424429a6009f"
"md","webhook-template-matchers","tea","tea/workflows/testarch/bmad-testarch-test-design/resources/knowledge/webhook-template-matchers.md","abf92e617b194199439c60fafe68cb0481b48e9ef09f69c01c8a424429a6009f"
"md","webhook-template-matchers","tea","tea/workflows/testarch/bmad-testarch-test-review/resources/knowledge/webhook-template-matchers.md","abf92e617b194199439c60fafe68cb0481b48e9ef09f69c01c8a424429a6009f"
"md","webhook-template-matchers","tea","tea/workflows/testarch/bmad-testarch-trace/resources/knowledge/webhook-template-matchers.md","abf92e617b194199439c60fafe68cb0481b48e9ef09f69c01c8a424429a6009f"
"md","webhook-testing-fundamentals","tea","tea/agents/bmad-tea/resources/knowledge/webhook-testing-fundamentals.md","cc1778b9aa95cb6fe00cfbb2115a2238636f71513cf159b7c02cbb3e091541c3"
"md","webhook-testing-fundamentals","tea","tea/workflows/testarch/bmad-testarch-atdd/resources/knowledge/webhook-testing-fundamentals.md","cc1778b9aa95cb6fe00cfbb2115a2238636f71513cf159b7c02cbb3e091541c3"
"md","webhook-testing-fundamentals","tea","tea/workflows/testarch/bmad-testarch-automate/resources/knowledge/webhook-testing-fundamentals.md","cc1778b9aa95cb6fe00cfbb2115a2238636f71513cf159b7c02cbb3e091541c3"
"md","webhook-testing-fundamentals","tea","tea/workflows/testarch/bmad-testarch-ci/resources/knowledge/webhook-testing-fundamentals.md","cc1778b9aa95cb6fe00cfbb2115a2238636f71513cf159b7c02cbb3e091541c3"
"md","webhook-testing-fundamentals","tea","tea/workflows/testarch/bmad-testarch-framework/resources/knowledge/webhook-testing-fundamentals.md","cc1778b9aa95cb6fe00cfbb2115a2238636f71513cf159b7c02cbb3e091541c3"
"md","webhook-testing-fundamentals","tea","tea/workflows/testarch/bmad-testarch-nfr/resources/knowledge/webhook-testing-fundamentals.md","cc1778b9aa95cb6fe00cfbb2115a2238636f71513cf159b7c02cbb3e091541c3"
"md","webhook-testing-fundamentals","tea","tea/workflows/testarch/bmad-testarch-test-design/resources/knowledge/webhook-testing-fundamentals.md","cc1778b9aa95cb6fe00cfbb2115a2238636f71513cf159b7c02cbb3e091541c3"
"md","webhook-testing-fundamentals","tea","tea/workflows/testarch/bmad-testarch-test-review/resources/knowledge/webhook-testing-fundamentals.md","cc1778b9aa95cb6fe00cfbb2115a2238636f71513cf159b7c02cbb3e091541c3"
"md","webhook-testing-fundamentals","tea","tea/workflows/testarch/bmad-testarch-trace/resources/knowledge/webhook-testing-fundamentals.md","cc1778b9aa95cb6fe00cfbb2115a2238636f71513cf159b7c02cbb3e091541c3"
"md","webhook-timeout-error","tea","tea/agents/bmad-tea/resources/knowledge/webhook-timeout-error.md","21500487fccc694ac1194dd144e13f6fd9f2585f65b32202f0b3d7b1cdc3b607"
"md","webhook-timeout-error","tea","tea/workflows/testarch/bmad-testarch-atdd/resources/knowledge/webhook-timeout-error.md","21500487fccc694ac1194dd144e13f6fd9f2585f65b32202f0b3d7b1cdc3b607"
"md","webhook-timeout-error","tea","tea/workflows/testarch/bmad-testarch-automate/resources/knowledge/webhook-timeout-error.md","21500487fccc694ac1194dd144e13f6fd9f2585f65b32202f0b3d7b1cdc3b607"
"md","webhook-timeout-error","tea","tea/workflows/testarch/bmad-testarch-ci/resources/knowledge/webhook-timeout-error.md","21500487fccc694ac1194dd144e13f6fd9f2585f65b32202f0b3d7b1cdc3b607"
"md","webhook-timeout-error","tea","tea/workflows/testarch/bmad-testarch-framework/resources/knowledge/webhook-timeout-error.md","21500487fccc694ac1194dd144e13f6fd9f2585f65b32202f0b3d7b1cdc3b607"
"md","webhook-timeout-error","tea","tea/workflows/testarch/bmad-testarch-nfr/resources/knowledge/webhook-timeout-error.md","21500487fccc694ac1194dd144e13f6fd9f2585f65b32202f0b3d7b1cdc3b607"
"md","webhook-timeout-error","tea","tea/workflows/testarch/bmad-testarch-test-design/resources/knowledge/webhook-timeout-error.md","21500487fccc694ac1194dd144e13f6fd9f2585f65b32202f0b3d7b1cdc3b607"
"md","webhook-timeout-error","tea","tea/workflows/testarch/bmad-testarch-test-review/resources/knowledge/webhook-timeout-error.md","21500487fccc694ac1194dd144e13f6fd9f2585f65b32202f0b3d7b1cdc3b607"
"md","webhook-timeout-error","tea","tea/workflows/testarch/bmad-testarch-trace/resources/knowledge/webhook-timeout-error.md","21500487fccc694ac1194dd144e13f6fd9f2585f65b32202f0b3d7b1cdc3b607"
"md","webhook-waiting-querying","tea","tea/agents/bmad-tea/resources/knowledge/webhook-waiting-querying.md","d914f3cfa9b3cfbd94fd0d3d057a7b578764cf37cdfc1b29278e03c88c3b06c5"
"md","webhook-waiting-querying","tea","tea/workflows/testarch/bmad-testarch-atdd/resources/knowledge/webhook-waiting-querying.md","d914f3cfa9b3cfbd94fd0d3d057a7b578764cf37cdfc1b29278e03c88c3b06c5"
"md","webhook-waiting-querying","tea","tea/workflows/testarch/bmad-testarch-automate/resources/knowledge/webhook-waiting-querying.md","d914f3cfa9b3cfbd94fd0d3d057a7b578764cf37cdfc1b29278e03c88c3b06c5"
"md","webhook-waiting-querying","tea","tea/workflows/testarch/bmad-testarch-ci/resources/knowledge/webhook-waiting-querying.md","d914f3cfa9b3cfbd94fd0d3d057a7b578764cf37cdfc1b29278e03c88c3b06c5"
"md","webhook-waiting-querying","tea","tea/workflows/testarch/bmad-testarch-framework/resources/knowledge/webhook-waiting-querying.md","d914f3cfa9b3cfbd94fd0d3d057a7b578764cf37cdfc1b29278e03c88c3b06c5"
"md","webhook-waiting-querying","tea","tea/workflows/testarch/bmad-testarch-nfr/resources/knowledge/webhook-waiting-querying.md","d914f3cfa9b3cfbd94fd0d3d057a7b578764cf37cdfc1b29278e03c88c3b06c5"
"md","webhook-waiting-querying","tea","tea/workflows/testarch/bmad-testarch-test-design/resources/knowledge/webhook-waiting-querying.md","d914f3cfa9b3cfbd94fd0d3d057a7b578764cf37cdfc1b29278e03c88c3b06c5"
"md","webhook-waiting-querying","tea","tea/workflows/testarch/bmad-testarch-test-review/resources/knowledge/webhook-waiting-querying.md","d914f3cfa9b3cfbd94fd0d3d057a7b578764cf37cdfc1b29278e03c88c3b06c5"
"md","webhook-waiting-querying","tea","tea/workflows/testarch/bmad-testarch-trace/resources/knowledge/webhook-waiting-querying.md","d914f3cfa9b3cfbd94fd0d3d057a7b578764cf37cdfc1b29278e03c88c3b06c5"
"md","workflow-plan","tea","tea/workflows/testarch/bmad-testarch-atdd/workflow-plan.md","06306d3dfe8940fceb1e8765efe85dd47f44ef9c1286ce528a702361f5f63704"
"md","workflow-plan","tea","tea/workflows/testarch/bmad-testarch-automate/workflow-plan.md","3d3cd40c76dc9f0c2387bef34e9391a9d3a25fe04ea4ebedb6adb72684a3ad06"
"md","workflow-plan","tea","tea/workflows/testarch/bmad-testarch-ci/workflow-plan.md","628dae2fcc680824c0e376feca84ce05b7cd674f0d5efc935964f4e705dddeb3"
"md","workflow-plan","tea","tea/workflows/testarch/bmad-testarch-framework/workflow-plan.md","6e181a5bd34a182f85fc9886bf205f13e89e6325db282f6e0f21cd59f122b7ab"
"md","workflow-plan","tea","tea/workflows/testarch/bmad-testarch-nfr/workflow-plan.md","b06b6bc5203d11580729ad8c86c609bdd7babec441395140b5aa895d877ef731"
"md","workflow-plan","tea","tea/workflows/testarch/bmad-testarch-test-design/workflow-plan.md","e3b7f847205fb9c004b9772af0da7d9ed4c5038cbedd66c388d6a3b640be5a04"
"md","workflow-plan","tea","tea/workflows/testarch/bmad-testarch-test-review/workflow-plan.md","15723c03eee5bfc852cd39b843bf4435dabdf02f59a77bb8a8683c4ab8cb3ed6"
"md","workflow-plan","tea","tea/workflows/testarch/bmad-testarch-trace/workflow-plan.md","dbf177b415c33f41f535d06fc47067bf220104348186dfdb8a0da0a16d396fa9"
"md","workflow-plan-teach-me-testing","tea","tea/workflows/testarch/bmad-teach-me-testing/workflow-plan-teach-me-testing.md","89ab8018e2a0a4238639fd10fecc79af13e28a47df109713e1f81e3dd2e26739"
"toml","customize","tea","tea/agents/bmad-tea/customize.toml","2864b07f57c631473380fb4e7cac49282e7585d191e266088337314c8e2b7937"
"toml","customize","tea","tea/workflows/testarch/bmad-teach-me-testing/customize.toml","7c3a2e013fd0ffbc8d4dc73c250fd983fae2eaf232ecc199a72dbe15045fc666"
"toml","customize","tea","tea/workflows/testarch/bmad-testarch-atdd/customize.toml","288fc010f2d4720ecb80cd74a1835efb8deb6e02907b81f8e67040dedcdc9893"
"toml","customize","tea","tea/workflows/testarch/bmad-testarch-automate/customize.toml","480aa14b35703f4ec55e6a6cba6e595abac1529fa299c14a811eb55f42f1520f"
"toml","customize","tea","tea/workflows/testarch/bmad-testarch-ci/customize.toml","bcb285f67759ac44419178681d2cf67bb91dff1d08d0f46d638c467e520d53f6"
"toml","customize","tea","tea/workflows/testarch/bmad-testarch-framework/customize.toml","4e24c2e529578e713c7f28908e3435633c2afab5b855e7cb5ac55ce0eb2547fa"
"toml","customize","tea","tea/workflows/testarch/bmad-testarch-nfr/customize.toml","41ff5a011d0a55d39b8beefe88d7bfe1a7223d87de70eb164071bb013f418955"
"toml","customize","tea","tea/workflows/testarch/bmad-testarch-test-design/customize.toml","c83a85c3de1ee5ff9acc94b9b8a96c563d9573520ea791c54d35f468568c6695"
"toml","customize","tea","tea/workflows/testarch/bmad-testarch-test-review/customize.toml","d0b674d8be6403939ae409545dffe4c9475069d75acbbb27d95ee29da596649b"
"toml","customize","tea","tea/workflows/testarch/bmad-testarch-trace/customize.toml","2a2b7a49e140ac8fdd80c22f877c0f4c35225243f6df6e288a9f566146b4ca74"
"yaml","azure-pipelines-template","tea","tea/workflows/testarch/bmad-testarch-ci/azure-pipelines-template.yaml","e53405833b819cd70b7226ea624236ff2490659985b0512244303dc9676acb34"
"yaml","config","tea","tea/config.yaml","ef1e1fc8a50f377d1f05b955c0697ed9b79812ddb5478e7907ceb9926be2d2ad"
"yaml","curriculum","tea","tea/workflows/testarch/bmad-teach-me-testing/data/curriculum.yaml","08d70f30f848537a5dcf138128bde0665d203236bab470d87e33791e4b3d3eee"
"yaml","github-actions-template","tea","tea/workflows/testarch/bmad-testarch-ci/github-actions-template.yaml","dbf33e640d9017650b5eed7af28f8914172a0dcfd04552a0342ef61b459b28c2"
"yaml","gitlab-ci-template","tea","tea/workflows/testarch/bmad-testarch-ci/gitlab-ci-template.yaml","af7d7e50802c1f4cbdfdfc20b0cd8a86ba5cec5b9eaedaec29e4c8aec6049ae6"
"yaml","harness-pipeline-template","tea","tea/workflows/testarch/bmad-testarch-ci/harness-pipeline-template.yaml","243aa43a5139a9bca9e5300070e2efeb97c13f0bb94d166f84b035025d5c4f8d"
"yaml","progress-template","tea","tea/workflows/testarch/bmad-teach-me-testing/templates/progress-template.yaml","595fe007e9cecd907f0f695f581ff7c86dde770336be8134782a954d4fb6f48f"
"yaml","quiz-questions","tea","tea/workflows/testarch/bmad-teach-me-testing/data/quiz-questions.yaml","42c5e6c8703e22992cfcbbeb23d871054b15257153010efe53bf44dbc1f27b4f"
"yaml","role-paths","tea","tea/workflows/testarch/bmad-teach-me-testing/data/role-paths.yaml","8cf13b5649736b736accf5f99971c9713cf5c3c3d6f0d749fb42f58b3cbcd04b"
"yaml","session-content-map","tea","tea/workflows/testarch/bmad-teach-me-testing/data/session-content-map.yaml","14a74ad936c4d77f20325d4a2c86cc198577141f569863d968d93eb0c9da881d"
"yaml","tea-resources-index","tea","tea/workflows/testarch/bmad-teach-me-testing/data/tea-resources-index.yaml","a9463b3fa622105c0f1ab21116b25f5f8efa4760fb964347c831744750635294"
"yaml","workflow","tea","tea/workflows/testarch/bmad-testarch-atdd/workflow.yaml","7f0ed54ed25cc51e4ecf3dd0e9298613a679982865473d82b81c117342a51a71"
"yaml","workflow","tea","tea/workflows/testarch/bmad-testarch-automate/workflow.yaml","812166a75f88418ecfba92f43e293ce33476275218a6b874f9d3ab3b3eb34a02"
"yaml","workflow","tea","tea/workflows/testarch/bmad-testarch-ci/workflow.yaml","367f88a326f217428654a1a2b4a7e5c497c498e7031f9e2809ca2766a0a02843"
"yaml","workflow","tea","tea/workflows/testarch/bmad-testarch-framework/workflow.yaml","13f99eb56accb5e8da5f28aabe4041b2a736472f92edd241f3f7ce3294b1f29f"
"yaml","workflow","tea","tea/workflows/testarch/bmad-testarch-nfr/workflow.yaml","e7e2c75f2497f61be338b5d8720992d8676d2e156db4920313f52bf60aa7b803"
"yaml","workflow","tea","tea/workflows/testarch/bmad-testarch-test-design/workflow.yaml","8ad0fb89bbe1f00af80eeeb2ac1bc2e90c6854bc2516f23dcff8e29cb1f81579"
"yaml","workflow","tea","tea/workflows/testarch/bmad-testarch-test-review/workflow.yaml","f8b82cc7d244edd309d811c3e388ee5af7a63f6372023c561679328965ad9d74"
"yaml","workflow","tea","tea/workflows/testarch/bmad-testarch-trace/workflow.yaml","981c7fc26f0e2a755438c40c1af0f4cce4517294fe3f8371e9b2bfe5ac60fa0f"
